Row Labels,Count of flow,,Datetime,L Falls,POR
barton,2205,,1999-05-01 0:00,7590,6255
bloomington,2954,,1999-05-01 1:00,7590,6200
conoco,2953,,1999-05-01 2:00,7590,6150
goose,2953,,1999-05-01 3:00,7590,6100
hanc,2953,,1999-05-01 4:00,7545,6085
lfalls,2953,,1999-05-01 5:00,7475,6050
luke,2953,,1999-05-01 6:00,7400,6015
mon_jug,2952,,1999-05-01 7:00,7400,6000
NA,3,,1999-05-01 8:00,7377.5,6000
nbp_cumb,2953,,1999-05-01 9:00,7332.5,6000
opequan,2785,,1999-05-01 10:00,7332.5,6000
paw,2953,,1999-05-01 11:00,7242.5,6030
por,2428,,1999-05-01 12:00,7220,6000
seneca,2953,,1999-05-01 13:00,7220,6000
shen_mill,2953,,1999-05-01 14:00,7152.5,6000
Grand Total,39904,,1999-05-01 15:00,7110,6000
,,,1999-05-01 16:00,7050,5985
,,,1999-05-01 17:00,7027.5,5970
,,,1999-05-01 18:00,6960,5915
,,,1999-05-01 19:00,6960,5885
,,,1999-05-01 20:00,6937.5,5815
,,,1999-05-01 21:00,6870,5785
,,,1999-05-01 22:00,6870,5740
,,,1999-05-01 23:00,6870,5685
,,,1999-05-02 0:00,6870,5670
,,,1999-05-02 1:00,6780,5670
,,,1999-05-02 2:00,6780,5640
,,,1999-05-02 3:00,6712.5,5620
,,,1999-05-02 4:00,6690,5600
,,,1999-05-02 5:00,6690,5585
,,,1999-05-02 6:00,6690,5570
,,,1999-05-02 7:00,6650,5570
,,,1999-05-02 8:00,6607.5,5570
,,,1999-05-02 9:00,6610,5570
,,,1999-05-02 10:00,6542.5,5570
,,,1999-05-02 11:00,6520,5570
,,,1999-05-02 12:00,6500,5555
,,,1999-05-02 13:00,6440,5540
,,,1999-05-02 14:00,6372.5,5540
,,,1999-05-02 15:00,6350,5525
,,,1999-05-02 16:00,6350,5510
,,,1999-05-02 17:00,6270,5525
,,,1999-05-02 18:00,6270,5540
,,,1999-05-02 19:00,6270,5540
,,,1999-05-02 20:00,6270,5540
,,,1999-05-02 21:00,6270,5510
,,,1999-05-02 22:00,6270,5490
,,,1999-05-02 23:00,6230,5470
,,,1999-05-03 0:00,6190,5425
,,,1999-05-03 1:00,6190,5395
,,,1999-05-03 2:00,6100,5360
,,,1999-05-03 3:00,6080,5340
,,,1999-05-03 4:00,6060,5295
,,,1999-05-03 5:00,6100,5265
,,,1999-05-03 6:00,6060,5250
,,,1999-05-03 7:00,6060,5195
,,,1999-05-03 8:00,6060,5165
,,,1999-05-03 9:00,6020,5150
,,,1999-05-03 10:00,6020,5150
,,,1999-05-03 11:00,6040,5135
,,,1999-05-03 12:00,6020,5120
,,,1999-05-03 13:00,6020,5120
,,,1999-05-03 14:00,6020,5120
,,,1999-05-03 15:00,6020,5105
,,,1999-05-03 16:00,6020,5090
,,,1999-05-03 17:00,5960,5090
,,,1999-05-03 18:00,6020,5090
,,,1999-05-03 19:00,6020,5090
,,,1999-05-03 20:00,5940,5090
,,,1999-05-03 21:00,5880,5090
,,,1999-05-03 22:00,5860,5090
,,,1999-05-03 23:00,5860,5105
,,,1999-05-04 0:00,5860,5150
,,,1999-05-04 1:00,5840,5150
,,,1999-05-04 2:00,5780,5150
,,,1999-05-04 3:00,5760,5165
,,,1999-05-04 4:00,5760,5150
,,,1999-05-04 5:00,5760,5150
,,,1999-05-04 6:00,5700,5150
,,,1999-05-04 7:00,5680,5150
,,,1999-05-04 8:00,5700,5150
,,,1999-05-04 9:00,5700,5120
,,,1999-05-04 10:00,5680,5120
,,,1999-05-04 11:00,5700,5120
,,,1999-05-04 12:00,5700,5120
,,,1999-05-04 13:00,5700,5120
,,,1999-05-04 14:00,5700,5090
,,,1999-05-04 15:00,5700,5060
,,,1999-05-04 16:00,5640,5030
,,,1999-05-04 17:00,5580,5000
,,,1999-05-04 18:00,5540,4985
,,,1999-05-04 19:00,5540,4955
,,,1999-05-04 20:00,5540,4910
,,,1999-05-04 21:00,5540,4880
,,,1999-05-04 22:00,5540,4850
,,,1999-05-04 23:00,5540,4850
,,,1999-05-05 0:00,5540,4865
,,,1999-05-05 1:00,5540,4880
,,,1999-05-05 2:00,5540,4910
,,,1999-05-05 3:00,5540,4910
,,,1999-05-05 4:00,5540,4940
,,,1999-05-05 5:00,5540,4940
,,,1999-05-05 6:00,5540,4940
,,,1999-05-05 7:00,5540,4925
,,,1999-05-05 8:00,5540,4910
,,,1999-05-05 9:00,5540,4910
,,,1999-05-05 10:00,5487.5,4910
,,,1999-05-05 11:00,5470,4910
,,,1999-05-05 12:00,5450,4910
,,,1999-05-05 13:00,5390,4910
,,,1999-05-05 14:00,5390,4880
,,,1999-05-05 15:00,5330,4865
,,,1999-05-05 16:00,5310,4835
,,,1999-05-05 17:00,5275,4805
,,,1999-05-05 18:00,5240,4790
,,,1999-05-05 19:00,5297.5,4760
,,,1999-05-05 20:00,5470,4730
,,,1999-05-05 21:00,5470,4715
,,,1999-05-05 22:00,5470,4685
,,,1999-05-05 23:00,5277.5,4670
,,,1999-05-06 0:00,5160,4640
,,,1999-05-06 1:00,5160,4610
,,,1999-05-06 2:00,5180,4580
,,,1999-05-06 3:00,5240,4565
,,,1999-05-06 4:00,5352.5,4550
,,,1999-05-06 5:00,5390,4520
,,,1999-05-06 6:00,5390,4520
,,,1999-05-06 7:00,5350,4520
,,,1999-05-06 8:00,5310,4490
,,,1999-05-06 9:00,5310,4490
,,,1999-05-06 10:00,5240,4490
,,,1999-05-06 11:00,5240,4490
,,,1999-05-06 12:00,5220,4490
,,,1999-05-06 13:00,5160,4490
,,,1999-05-06 14:00,5160,4520
,,,1999-05-06 15:00,5107.5,4505
,,,1999-05-06 16:00,5090,4490
,,,1999-05-06 17:00,5090,4490
,,,1999-05-06 18:00,5063.333333,4490
,,,1999-05-06 19:00,4920,4460
,,,1999-05-06 20:00,4860,4430
,,,1999-05-06 21:00,4790,4430
,,,1999-05-06 22:00,4790,4430
,,,1999-05-06 23:00,4790,4430
,,,1999-05-07 0:00,4790,4415
,,,1999-05-07 1:00,4790,4400
,,,1999-05-07 2:00,4790,4400
,,,1999-05-07 3:00,4790,4370
,,,1999-05-07 4:00,4790,4370
,,,1999-05-07 5:00,4860,4340
,,,1999-05-07 6:00,4860,4340
,,,1999-05-07 7:00,4860,4310
,,,1999-05-07 8:00,4860,4310
,,,1999-05-07 9:00,4860,4310
,,,1999-05-07 10:00,4860,4310
,,,1999-05-07 11:00,4860,4295
,,,1999-05-07 12:00,4860,4280
,,,1999-05-07 13:00,4860,4280
,,,1999-05-07 14:00,4860,4280
,,,1999-05-07 15:00,4842.5,4280
,,,1999-05-07 16:00,4790,4260
,,,1999-05-07 17:00,4790,4260
,,,1999-05-07 18:00,4790,4260
,,,1999-05-07 19:00,4762,4260
,,,1999-05-07 20:00,4650,4260
,,,1999-05-07 21:00,4720,4260
,,,1999-05-07 22:00,4842.5,4295
,,,1999-05-07 23:00,5012.5,4310
,,,1999-05-08 0:00,5220,4310
,,,1999-05-08 1:00,5410,4325
,,,1999-05-08 2:00,5620,4340
,,,1999-05-08 3:00,5760,4385
,,,1999-05-08 4:00,5920,4400
,,,1999-05-08 5:00,6000,4385
,,,1999-05-08 6:00,6020,4370
,,,1999-05-08 7:00,5900,4385
,,,1999-05-08 8:00,5900,4400
,,,1999-05-08 9:00,5900,4430
,,,1999-05-08 10:00,5900,4430
,,,1999-05-08 11:00,5800,4460
,,,1999-05-08 12:00,5780,4490
,,,1999-05-08 13:00,5780,4490
,,,1999-05-08 14:00,5740,4505
,,,1999-05-08 15:00,5700,4520
,,,1999-05-08 16:00,5700,4520
,,,1999-05-08 17:00,5700,4550
,,,1999-05-08 18:00,5700,4565
,,,1999-05-08 19:00,5652,4625
,,,1999-05-08 20:00,5620,4730
,,,1999-05-08 21:00,5620,4880
,,,1999-05-08 22:00,5620,5075
,,,1999-05-08 23:00,5620,5425
,,,1999-05-09 0:00,5600,5915
,,,1999-05-09 1:00,5560,6440
,,,1999-05-09 2:00,5540,6990
,,,1999-05-09 3:00,5540,7485
,,,1999-05-09 4:00,5540,7960
,,,1999-05-09 5:00,5560,8355
,,,1999-05-09 6:00,5542.5,8705
,,,1999-05-09 7:00,5560,8955
,,,1999-05-09 8:00,5502.5,9150
,,,1999-05-09 9:00,5522.5,9310
,,,1999-05-09 10:00,5540,9410
,,,1999-05-09 11:00,5580,9490
,,,1999-05-09 12:00,5580,9510
,,,1999-05-09 13:00,5680,9530
,,,1999-05-09 14:00,5740,9510
,,,1999-05-09 15:00,5860,9510
,,,1999-05-09 16:00,6082.5,9470
,,,1999-05-09 17:00,6395,9410
,,,1999-05-09 18:00,6780,9330
,,,1999-05-09 19:00,7342,9230
,,,1999-05-09 20:00,7867.5,9110
,,,1999-05-09 21:00,8392.5,8995
,,,1999-05-09 22:00,8890,8880
,,,1999-05-09 23:00,9292.5,8780
,,,1999-05-10 0:00,9705,8700
,,,1999-05-10 1:00,10007.5,8610
,,,1999-05-10 2:00,10225,8510
,,,1999-05-10 3:00,10425,8450
,,,1999-05-10 4:00,10550,8420
,,,1999-05-10 5:00,10625,8360
,,,1999-05-10 6:00,10650,8320
,,,1999-05-10 7:00,10675,8260
,,,1999-05-10 8:00,10700,8230
,,,1999-05-10 9:00,10650,8210
,,,1999-05-10 10:00,10575,8170
,,,1999-05-10 11:00,10500,8130
,,,1999-05-10 12:00,10400,8070
,,,1999-05-10 13:00,10300,8000
,,,1999-05-10 14:00,10200,7905
,,,1999-05-10 15:00,10035,7810
,,,1999-05-10 16:00,9887.5,7755
,,,1999-05-10 17:00,9785,7680
,,,1999-05-10 18:00,9686.666667,7610
,,,1999-05-10 19:00,9550,7540
,,,1999-05-10 20:00,9475,7430
,,,1999-05-10 21:00,9395,7360
,,,1999-05-10 22:00,9340,7275
,,,1999-05-10 23:00,9240,7185
,,,1999-05-11 0:00,9190,7080
,,,1999-05-11 1:00,9115,6995
,,,1999-05-11 2:00,9040,6925
,,,1999-05-11 3:00,8940,6835
,,,1999-05-11 4:00,8840,6765
,,,1999-05-11 5:00,8790,6730
,,,1999-05-11 6:00,8715,6710
,,,1999-05-11 7:00,8640,6710
,,,1999-05-11 8:00,8540,6750
,,,1999-05-11 9:00,8440,6750
,,,1999-05-11 10:00,8365,6780
,,,1999-05-11 11:00,8272.5,6780
,,,1999-05-11 12:00,8150,6780
,,,1999-05-11 13:00,8060,6780
,,,1999-05-11 14:00,7915,6780
,,,1999-05-11 15:00,7797.5,6780
,,,1999-05-11 16:00,7590,6765
,,,1999-05-11 17:00,7450,6750
,,,1999-05-11 18:00,7370,6750
,,,1999-05-11 19:00,7328,6710
,,,1999-05-11 20:00,7400,6680
,,,1999-05-11 21:00,7377.5,6665
,,,1999-05-11 22:00,7310,6630
,,,1999-05-11 23:00,7265,6580
,,,1999-05-12 0:00,7220,6560
,,,1999-05-12 1:00,7152.5,6540
,,,1999-05-12 2:00,7175,6510
,,,1999-05-12 3:00,7130,6490
,,,1999-05-12 4:00,7130,6455
,,,1999-05-12 5:00,7130,6425
,,,1999-05-12 6:00,7247.5,6410
,,,1999-05-12 7:00,7130,6370
,,,1999-05-12 8:00,7050,6340
,,,1999-05-12 9:00,7050,6340
,,,1999-05-12 10:00,7050,6285
,,,1999-05-12 11:00,7050,6270
,,,1999-05-12 12:00,7005,6255
,,,1999-05-12 13:00,6960,6220
,,,1999-05-12 14:00,6960,6150
,,,1999-05-12 15:00,6960,6130
,,,1999-05-12 16:00,6870,6085
,,,1999-05-12 17:00,6870,6015
,,,1999-05-12 18:00,6810,5950
,,,1999-05-12 19:00,6780,5900
,,,1999-05-12 20:00,6712.5,5870
,,,1999-05-12 21:00,6690,5850
,,,1999-05-12 22:00,6650,5815
,,,1999-05-12 23:00,6610,5785
,,,1999-05-13 0:00,6610,5755
,,,1999-05-13 1:00,6610,5720
,,,1999-05-13 2:00,6520,5685
,,,1999-05-13 3:00,6520,5670
,,,1999-05-13 4:00,6500,5670
,,,1999-05-13 5:00,6460,5640
,,,1999-05-13 6:00,6440,5600
,,,1999-05-13 7:00,6417.5,5600
,,,1999-05-13 8:00,6350,5570
,,,1999-05-13 9:00,6330,5555
,,,1999-05-13 10:00,6270,5540
,,,1999-05-13 11:00,6270,5525
,,,1999-05-13 12:00,6190,5510
,,,1999-05-13 13:00,6145,5510
,,,1999-05-13 14:00,6100,5525
,,,1999-05-13 15:00,6100,5555
,,,1999-05-13 16:00,6040,5620
,,,1999-05-13 17:00,6020,5685
,,,1999-05-13 18:00,6020,5785
,,,1999-05-13 19:00,5940,5815
,,,1999-05-13 20:00,5920,5870
,,,1999-05-13 21:00,5880,5900
,,,1999-05-13 22:00,5880,5930
,,,1999-05-13 23:00,5860,5950
,,,1999-05-14 0:00,5800,5950
,,,1999-05-14 1:00,5760,5970
,,,1999-05-14 2:00,5700,5930
,,,1999-05-14 3:00,5700,5930
,,,1999-05-14 4:00,5680,5915
,,,1999-05-14 5:00,5700,5885
,,,1999-05-14 6:00,5680,5870
,,,1999-05-14 7:00,5700,5815
,,,1999-05-14 8:00,5680,5785
,,,1999-05-14 9:00,5700,5755
,,,1999-05-14 10:00,5740,5705
,,,1999-05-14 11:00,5760,5655
,,,1999-05-14 12:00,5780,5620
,,,1999-05-14 13:00,5800,5555
,,,1999-05-14 14:00,5840,5510
,,,1999-05-14 15:00,5860,5470
,,,1999-05-14 16:00,5940,5440
,,,1999-05-14 17:00,5940,5410
,,,1999-05-14 18:00,5993.333333,5380
,,,1999-05-14 19:00,6020,5340
,,,1999-05-14 20:00,6020,5325
,,,1999-05-14 21:00,6020,5310
,,,1999-05-14 22:00,6020,5280
,,,1999-05-14 23:00,6020,5230
,,,1999-05-15 0:00,6020,5210
,,,1999-05-15 1:00,6020,5180
,,,1999-05-15 2:00,6000,5150
,,,1999-05-15 3:00,5940,5105
,,,1999-05-15 4:00,5900,5075
,,,1999-05-15 5:00,5840,5030
,,,1999-05-15 6:00,5800,5000
,,,1999-05-15 7:00,5780,4985
,,,1999-05-15 8:00,5720,4970
,,,1999-05-15 9:00,5640,4940
,,,1999-05-15 10:00,5580,4910
,,,1999-05-15 11:00,5522.5,4880
,,,1999-05-15 12:00,5525,4850
,,,1999-05-15 13:00,5470,4805
,,,1999-05-15 14:00,5390,4790
,,,1999-05-15 15:00,5350,4760
,,,1999-05-15 16:00,5310,4730
,,,1999-05-15 17:00,5240,4730
,,,1999-05-15 18:00,5240,4730
,,,1999-05-15 19:00,5240,4730
,,,1999-05-15 20:00,5240,4730
,,,1999-05-15 21:00,5240,4730
,,,1999-05-15 22:00,5200,4730
,,,1999-05-15 23:00,5160,4700
,,,1999-05-16 0:00,5160,4685
,,,1999-05-16 1:00,5107.5,4670
,,,1999-05-16 2:00,5090,4670
,,,1999-05-16 3:00,5070,4655
,,,1999-05-16 4:00,5010,4625
,,,1999-05-16 5:00,5010,4610
,,,1999-05-16 6:00,4992.5,4580
,,,1999-05-16 7:00,4940,4580
,,,1999-05-16 8:00,4940,4580
,,,1999-05-16 9:00,4900,4580
,,,1999-05-16 10:00,4842.5,4580
,,,1999-05-16 11:00,4825,4580
,,,1999-05-16 12:00,4790,4595
,,,1999-05-16 13:00,4790,4610
,,,1999-05-16 14:00,4720,4610
,,,1999-05-16 15:00,4702.5,4610
,,,1999-05-16 16:00,4650,4610
,,,1999-05-16 17:00,4632.5,4580
,,,1999-05-16 18:00,4603.333333,4580
,,,1999-05-16 19:00,4580,4580
,,,1999-05-16 20:00,4580,4550
,,,1999-05-16 21:00,4580,4550
,,,1999-05-16 22:00,4580,4520
,,,1999-05-16 23:00,4580,4490
,,,1999-05-17 0:00,4580,4460
,,,1999-05-17 1:00,4580,4430
,,,1999-05-17 2:00,4527.5,4430
,,,1999-05-17 3:00,4510,4430
,,,1999-05-17 4:00,4510,4415
,,,1999-05-17 5:00,4510,4400
,,,1999-05-17 6:00,4510,4400
,,,1999-05-17 7:00,4527.5,4415
,,,1999-05-17 8:00,4527.5,4430
,,,1999-05-17 9:00,4580,4445
,,,1999-05-17 10:00,4580,4490
,,,1999-05-17 11:00,4580,4535
,,,1999-05-17 12:00,4545,4580
,,,1999-05-17 13:00,4510,4655
,,,1999-05-17 14:00,4510,4700
,,,1999-05-17 15:00,4492.5,4790
,,,1999-05-17 16:00,4457.5,4865
,,,1999-05-17 17:00,4440,4955
,,,1999-05-17 18:00,4416.666667,5015
,,,1999-05-17 19:00,4398,5075
,,,1999-05-17 20:00,4422.5,5165
,,,1999-05-17 21:00,4422.5,5230
,,,1999-05-17 22:00,4405,5295
,,,1999-05-17 23:00,4387.5,5340
,,,1999-05-18 0:00,4370,5395
,,,1999-05-18 1:00,4370,5425
,,,1999-05-18 2:00,4370,5470
,,,1999-05-18 3:00,4370,5510
,,,1999-05-18 4:00,4387.5,5510
,,,1999-05-18 5:00,4405,5525
,,,1999-05-18 6:00,4405,5540
,,,1999-05-18 7:00,4405,5540
,,,1999-05-18 8:00,4457.5,5540
,,,1999-05-18 9:00,4510,5540
,,,1999-05-18 10:00,4580,5510
,,,1999-05-18 11:00,4650,5470
,,,1999-05-18 12:00,4720,5440
,,,1999-05-18 13:00,4790,5410
,,,1999-05-18 14:00,4807.5,5395
,,,1999-05-18 15:00,4860,5340
,,,1999-05-18 16:00,4920,5295
,,,1999-05-18 17:00,4975,5265
,,,1999-05-18 18:00,5010,5230
,,,1999-05-18 19:00,5090,5180
,,,1999-05-18 20:00,5107.5,5135
,,,1999-05-18 21:00,5180,5090
,,,1999-05-18 22:00,5240,5045
,,,1999-05-18 23:00,5240,5000
,,,1999-05-19 0:00,5275,4985
,,,1999-05-19 1:00,5310,4970
,,,1999-05-19 2:00,5310,4970
,,,1999-05-19 3:00,5310,4985
,,,1999-05-19 4:00,5330,5000
,,,1999-05-19 5:00,5310,5030
,,,1999-05-19 6:00,5200,5060
,,,1999-05-19 7:00,5292.5,5060
,,,1999-05-19 8:00,5182.5,5030
,,,1999-05-19 9:00,5087.5,5030
,,,1999-05-19 10:00,5240,5030
,,,1999-05-19 11:00,5220,5030
,,,1999-05-19 12:00,5217.5,5015
,,,1999-05-19 13:00,5217.5,5030
,,,1999-05-19 14:00,5180,5015
,,,1999-05-19 15:00,5160,5000
,,,1999-05-19 16:00,5125,4970
,,,1999-05-19 17:00,5090,4955
,,,1999-05-19 18:00,5036.666667,4925
,,,1999-05-19 19:00,4954,4910
,,,1999-05-19 20:00,4880,4895
,,,1999-05-19 21:00,4860,4880
,,,1999-05-19 22:00,4860,4850
,,,1999-05-19 23:00,4860,4805
,,,1999-05-20 0:00,4807.5,4775
,,,1999-05-20 1:00,4790,4715
,,,1999-05-20 2:00,4790,4685
,,,1999-05-20 3:00,4702.5,4670
,,,1999-05-20 4:00,4545,4625
,,,1999-05-20 5:00,4580,4610
,,,1999-05-20 6:00,4650,4580
,,,1999-05-20 7:00,4696.666667,4550
,,,1999-05-20 8:00,4685,4520
,,,1999-05-20 9:00,4685,4490
,,,1999-05-20 10:00,4685,4475
,,,1999-05-20 11:00,4720,4445
,,,1999-05-20 12:00,4720,4430
,,,1999-05-20 13:00,4720,4430
,,,1999-05-20 14:00,4650,4400
,,,1999-05-20 15:00,4650,4385
,,,1999-05-20 16:00,4650,4370
,,,1999-05-20 17:00,4580,4370
,,,1999-05-20 18:00,4580,4340
,,,1999-05-20 19:00,4510,4340
,,,1999-05-20 20:00,4440,4340
,,,1999-05-20 21:00,4352.5,4340
,,,1999-05-20 22:00,4212.5,4340
,,,1999-05-20 23:00,4145,4340
,,,1999-05-21 0:00,4100,4325
,,,1999-05-21 1:00,4047.5,4295
,,,1999-05-21 2:00,4030,4260
,,,1999-05-21 3:00,4030,4215
,,,1999-05-21 4:00,3995,4155
,,,1999-05-21 5:00,4145,4125
,,,1999-05-21 6:00,4130,4080
,,,1999-05-21 7:00,4100,4050
,,,1999-05-21 8:00,4100,4020
,,,1999-05-21 9:00,4082.5,4020
,,,1999-05-21 10:00,4100,4020
,,,1999-05-21 11:00,4100,4010
,,,1999-05-21 12:00,4082.5,4020
,,,1999-05-21 13:00,4065,4020
,,,1999-05-21 14:00,4030,4020
,,,1999-05-21 15:00,4030,4020
,,,1999-05-21 16:00,4030,4020
,,,1999-05-21 17:00,4030,4020
,,,1999-05-21 18:00,3960,4020
,,,1999-05-21 19:00,3912,4020
,,,1999-05-21 20:00,3865,4020
,,,1999-05-21 21:00,3830,4020
,,,1999-05-21 22:00,3815,4010
,,,1999-05-21 23:00,3770,3985
,,,1999-05-22 0:00,3770,3955
,,,1999-05-22 1:00,3740,3940
,,,1999-05-22 2:00,3710,3910
,,,1999-05-22 3:00,3710,3895
,,,1999-05-22 4:00,3710,3865
,,,1999-05-22 5:00,3675,3865
,,,1999-05-22 6:00,3640,3850
,,,1999-05-22 7:00,3657.5,3850
,,,1999-05-22 8:00,3640,3850
,,,1999-05-22 9:00,3640,3840
,,,1999-05-22 10:00,3640,3830
,,,1999-05-22 11:00,3640,3840
,,,1999-05-22 12:00,3687.5,3850
,,,1999-05-22 13:00,3640,3850
,,,1999-05-22 14:00,3640,3850
,,,1999-05-22 15:00,3640,3850
,,,1999-05-22 16:00,3690,3850
,,,1999-05-22 17:00,3657.5,3880
,,,1999-05-22 18:00,3710,3865
,,,1999-05-22 19:00,3710,3880
,,,1999-05-22 20:00,3710,3910
,,,1999-05-22 21:00,3710,3910
,,,1999-05-22 22:00,3770,3910
,,,1999-05-22 23:00,3770,3895
,,,1999-05-23 0:00,3815,3880
,,,1999-05-23 1:00,3830,3865
,,,1999-05-23 2:00,3830,3850
,,,1999-05-23 3:00,3865,3850
,,,1999-05-23 4:00,3882.5,3850
,,,1999-05-23 5:00,3912.5,3850
,,,1999-05-23 6:00,3897.5,3840
,,,1999-05-23 7:00,3915,3830
,,,1999-05-23 8:00,3900,3815
,,,1999-05-23 9:00,3945,3800
,,,1999-05-23 10:00,3960,3800
,,,1999-05-23 11:00,3930,3770
,,,1999-05-23 12:00,3900,3755
,,,1999-05-23 13:00,3882.5,3740
,,,1999-05-23 14:00,3847.5,3740
,,,1999-05-23 15:00,3830,3740
,,,1999-05-23 16:00,3830,3770
,,,1999-05-23 17:00,3785,3770
,,,1999-05-23 18:00,3770,3770
,,,1999-05-23 19:00,3770,3770
,,,1999-05-23 20:00,3725,3770
,,,1999-05-23 21:00,3710,3800
,,,1999-05-23 22:00,3710,3800
,,,1999-05-23 23:00,3692.5,3785
,,,1999-05-24 0:00,3640,3770
,,,1999-05-24 1:00,3657.5,3785
,,,1999-05-24 2:00,3915,3800
,,,1999-05-24 3:00,4197.5,3770
,,,1999-05-24 4:00,4300,3785
,,,1999-05-24 5:00,4247.5,3785
,,,1999-05-24 6:00,4265,3800
,,,1999-05-24 7:00,4112.5,3800
,,,1999-05-24 8:00,4150,3815
,,,1999-05-24 9:00,4147.5,3840
,,,1999-05-24 10:00,4177.5,3850
,,,1999-05-24 11:00,4177.5,3850
,,,1999-05-24 12:00,4147.5,3830
,,,1999-05-24 13:00,4197.5,3815
,,,1999-05-24 14:00,4177.5,3800
,,,1999-05-24 15:00,4230,3800
,,,1999-05-24 16:00,4230,3800
,,,1999-05-24 17:00,4247.5,3800
,,,1999-05-24 18:00,4276.666667,3800
,,,1999-05-24 19:00,4300,3800
,,,1999-05-24 20:00,4300,3800
,,,1999-05-24 21:00,4300,3770
,,,1999-05-24 22:00,4265,3770
,,,1999-05-24 23:00,4282.5,3755
,,,1999-05-25 0:00,4247.5,3740
,,,1999-05-25 1:00,4265,3725
,,,1999-05-25 2:00,4230,3710
,,,1999-05-25 3:00,4230,3680
,,,1999-05-25 4:00,4162.5,3670
,,,1999-05-25 5:00,4145,3660
,,,1999-05-25 6:00,4062.5,3645
,,,1999-05-25 7:00,4147.5,3645
,,,1999-05-25 8:00,4145,3615
,,,1999-05-25 9:00,4080,3600
,,,1999-05-25 10:00,4130,3600
,,,1999-05-25 11:00,4100,3615
,,,1999-05-25 12:00,4082.5,3630
,,,1999-05-25 13:00,4100,3645
,,,1999-05-25 14:00,4047.5,3660
,,,1999-05-25 15:00,4030,3670
,,,1999-05-25 16:00,3977.5,3680
,,,1999-05-25 17:00,3945,3710
,,,1999-05-25 18:00,3900,3725
,,,1999-05-25 19:00,3900,3740
,,,1999-05-25 20:00,3865,3755
,,,1999-05-25 21:00,3830,3770
,,,1999-05-25 22:00,3785,3770
,,,1999-05-25 23:00,3770,3800
,,,1999-05-26 0:00,3725,3800
,,,1999-05-26 1:00,3710,3800
,,,1999-05-26 2:00,3657.5,3800
,,,1999-05-26 3:00,3640,3830
,,,1999-05-26 4:00,3672.5,3830
,,,1999-05-26 5:00,3625,3630
,,,1999-05-26 6:00,3612.5,3880
,,,1999-05-26 7:00,3580,3880
,,,1999-05-26 8:00,3505,3895
,,,1999-05-26 9:00,3520,3910
,,,1999-05-26 10:00,3490,3910
,,,1999-05-26 11:00,3550,3895
,,,1999-05-26 12:00,3610,3910
,,,1999-05-26 13:00,3565,3910
,,,1999-05-26 14:00,3535,3895
,,,1999-05-26 15:00,3612.5,3880
,,,1999-05-26 16:00,3535,3850
,,,1999-05-26 17:00,3565,3850
,,,1999-05-26 18:00,3580,3850
,,,1999-05-26 19:00,3592,3850
,,,1999-05-26 20:00,3580,3830
,,,1999-05-26 21:00,3580,3830
,,,1999-05-26 22:00,3580,3830
,,,1999-05-26 23:00,3580,3830
,,,1999-05-27 0:00,3625,3840
,,,1999-05-27 1:00,3640,3850
,,,1999-05-27 2:00,3640,3850
,,,1999-05-27 3:00,3595,3850
,,,1999-05-27 4:00,3565,3850
,,,1999-05-27 5:00,3535,3850
,,,1999-05-27 6:00,3580,3850
,,,1999-05-27 7:00,3595,3850
,,,1999-05-27 8:00,3565,3850
,,,1999-05-27 9:00,3550,3850
,,,1999-05-27 10:00,3595,3865
,,,1999-05-27 11:00,3580,3865
,,,1999-05-27 12:00,3627.5,3865
,,,1999-05-27 13:00,3595,3880
,,,1999-05-27 14:00,3595,3880
,,,1999-05-27 15:00,3580,3880
,,,1999-05-27 16:00,3595,3895
,,,1999-05-27 17:00,3565,3910
,,,1999-05-27 18:00,3540,3910
,,,1999-05-27 19:00,3520,3910
,,,1999-05-27 20:00,3460,3910
,,,1999-05-27 21:00,3445,3910
,,,1999-05-27 22:00,3445,3910
,,,1999-05-27 23:00,3400,3880
,,,1999-05-28 0:00,3400,3880
,,,1999-05-28 1:00,3400,3865
,,,1999-05-28 2:00,3400,3850
,,,1999-05-28 3:00,3385,3850
,,,1999-05-28 4:00,3400,3850
,,,1999-05-28 5:00,3370,3850
,,,1999-05-28 6:00,3370,3840
,,,1999-05-28 7:00,3355,3840
,,,1999-05-28 8:00,3265,3830
,,,1999-05-28 9:00,3220,3815
,,,1999-05-28 10:00,3250,3800
,,,1999-05-28 11:00,3265,3800
,,,1999-05-28 12:00,3280,3770
,,,1999-05-28 13:00,3325,3770
,,,1999-05-28 14:00,3325,3770
,,,1999-05-28 15:00,3295,3770
,,,1999-05-28 16:00,3310,3740
,,,1999-05-28 17:00,3445,3740
,,,1999-05-28 18:00,3460,3710
,,,1999-05-28 19:00,3460,3670
,,,1999-05-28 20:00,3445,3615
,,,1999-05-28 21:00,3400,3545
,,,1999-05-28 22:00,3400,3505
,,,1999-05-28 23:00,3370,3490
,,,1999-05-29 0:00,3340,3520
,,,1999-05-29 1:00,3340,3520
,,,1999-05-29 2:00,3340,3520
,,,1999-05-29 3:00,3325,3520
,,,1999-05-29 4:00,3325,3520
,,,1999-05-29 5:00,3280,3520
,,,1999-05-29 6:00,3280,3520
,,,1999-05-29 7:00,3250,3505
,,,1999-05-29 8:00,3265,3490
,,,1999-05-29 9:00,3250,3475
,,,1999-05-29 10:00,3220,3460
,,,1999-05-29 11:00,3220,3445
,,,1999-05-29 12:00,3220,3420
,,,1999-05-29 13:00,3220,3410
,,,1999-05-29 14:00,3160,3410
,,,1999-05-29 15:00,3160,3410
,,,1999-05-29 16:00,3115,3410
,,,1999-05-29 17:00,3100,3410
,,,1999-05-29 18:00,3060,3395
,,,1999-05-29 19:00,3040,3380
,,,1999-05-29 20:00,3027.5,3380
,,,1999-05-29 21:00,2990,3350
,,,1999-05-29 22:00,2990,3335
,,,1999-05-29 23:00,2990,3310
,,,1999-05-30 0:00,2975,3300
,,,1999-05-30 1:00,2975,3300
,,,1999-05-30 2:00,2945,3270
,,,1999-05-30 3:00,2960,3270
,,,1999-05-30 4:00,2930,3240
,,,1999-05-30 5:00,2975,3240
,,,1999-05-30 6:00,2990,3240
,,,1999-05-30 7:00,2990,3240
,,,1999-05-30 8:00,2990,3230
,,,1999-05-30 9:00,2990,3220
,,,1999-05-30 10:00,2990,3190
,,,1999-05-30 11:00,2945,3190
,,,1999-05-30 12:00,2930,3190
,,,1999-05-30 13:00,2930,3175
,,,1999-05-30 14:00,2880,3160
,,,1999-05-30 15:00,2865,3160
,,,1999-05-30 16:00,2820,3130
,,,1999-05-30 17:00,2820,3130
,,,1999-05-30 18:00,2820,3120
,,,1999-05-30 19:00,2770,3095
,,,1999-05-30 20:00,2755,3065
,,,1999-05-30 21:00,2725,3040
,,,1999-05-30 22:00,2710,3030
,,,1999-05-30 23:00,2710,3000
,,,1999-05-31 0:00,2710,2990
,,,1999-05-31 1:00,2697.5,2980
,,,1999-05-31 2:00,2672.5,2980
,,,1999-05-31 3:00,2697.5,2980
,,,1999-05-31 4:00,2697.5,2980
,,,1999-05-31 5:00,2710,2950
,,,1999-05-31 6:00,2710,2950
,,,1999-05-31 7:00,2710,2950
,,,1999-05-31 8:00,2660,2950
,,,1999-05-31 9:00,2685,2950
,,,1999-05-31 10:00,2660,2950
,,,1999-05-31 11:00,2635,2950
,,,1999-05-31 12:00,2622.5,2930
,,,1999-05-31 13:00,2610,2930
,,,1999-05-31 14:00,2565,2930
,,,1999-05-31 15:00,2550,2930
,,,1999-05-31 16:00,2500,2930
,,,1999-05-31 17:00,2500,2900
,,,1999-05-31 18:00,2500,2900
,,,1999-05-31 19:00,2492.5,2880
,,,1999-05-31 20:00,2412.5,2880
,,,1999-05-31 21:00,2400,2880
,,,1999-05-31 22:00,2400,2850
,,,1999-05-31 23:00,2400,2850
,,,1999-06-01 0:00,2385,2850
,,,1999-06-01 1:00,2340,2830
,,,1999-06-01 2:00,2340,2830
,,,1999-06-01 3:00,2340,2815
,,,1999-06-01 4:00,2400,2800
,,,1999-06-01 5:00,2355,2800
,,,1999-06-01 6:00,2342.5,2800
,,,1999-06-01 7:00,2340,2800
,,,1999-06-01 8:00,2340,2800
,,,1999-06-01 9:00,2340,2800
,,,1999-06-01 10:00,2340,2815
,,,1999-06-01 11:00,2340,2830
,,,1999-06-01 12:00,2355,2830
,,,1999-06-01 13:00,2400,2865
,,,1999-06-01 14:00,2400,2915
,,,1999-06-01 15:00,2400,2940
,,,1999-06-01 16:00,2400,2980
,,,1999-06-01 17:00,2400,2990
,,,1999-06-01 18:00,2400,3000
,,,1999-06-01 19:00,2330,3000
,,,1999-06-01 20:00,2240,2990
,,,1999-06-01 21:00,2215,2980
,,,1999-06-01 22:00,2140,2980
,,,1999-06-01 23:00,2140,2980
,,,1999-06-02 0:00,2140,2980
,,,1999-06-02 1:00,2140,2980
,,,1999-06-02 2:00,2140,2980
,,,1999-06-02 3:00,2177.5,2950
,,,1999-06-02 4:00,2190,2930
,,,1999-06-02 5:00,2240,2915
,,,1999-06-02 6:00,2190,2900
,,,1999-06-02 7:00,2190,2880
,,,1999-06-02 8:00,2202.5,2880
,,,1999-06-02 9:00,2190,2880
,,,1999-06-02 10:00,2202.5,2880
,,,1999-06-02 11:00,2227.5,2880
,,,1999-06-02 12:00,2240,2890
,,,1999-06-02 13:00,2265,2930
,,,1999-06-02 14:00,2252.5,2965
,,,1999-06-02 15:00,2252.5,2990
,,,1999-06-02 16:00,2115,3030
,,,1999-06-02 17:00,2090,3050
,,,1999-06-02 18:00,2090,3050
,,,1999-06-02 19:00,2090,3030
,,,1999-06-02 20:00,2090,3030
,,,1999-06-02 21:00,2090,3015
,,,1999-06-02 22:00,2090,2990
,,,1999-06-02 23:00,2090,2980
,,,1999-06-03 0:00,2090,2950
,,,1999-06-03 1:00,2090,2930
,,,1999-06-03 2:00,2102.5,2915
,,,1999-06-03 3:00,2177.5,2900
,,,1999-06-03 4:00,2177.5,2915
,,,1999-06-03 5:00,2102.5,2930
,,,1999-06-03 6:00,2140,2900
,,,1999-06-03 7:00,2227.5,2890
,,,1999-06-03 8:00,2277.5,2890
,,,1999-06-03 9:00,2302.5,2900
,,,1999-06-03 10:00,2302.5,2915
,,,1999-06-03 11:00,2315,2930
,,,1999-06-03 12:00,2327.5,2940
,,,1999-06-03 13:00,2355,2950
,,,1999-06-03 14:00,2340,2965
,,,1999-06-03 15:00,2340,2980
,,,1999-06-03 16:00,2340,2980
,,,1999-06-03 17:00,2340,2950
,,,1999-06-03 18:00,2290,2940
,,,1999-06-03 19:00,2290,2905
,,,1999-06-03 20:00,2290,2880
,,,1999-06-03 21:00,2290,2850
,,,1999-06-03 22:00,2290,2830
,,,1999-06-03 23:00,2290,2815
,,,1999-06-04 0:00,2290,2800
,,,1999-06-04 1:00,2290,2780
,,,1999-06-04 2:00,2240,2770
,,,1999-06-04 3:00,2127.5,2760
,,,1999-06-04 4:00,2065,2780
,,,1999-06-04 5:00,2077.5,2780
,,,1999-06-04 6:00,2090,2770
,,,1999-06-04 7:00,2165,2780
,,,1999-06-04 8:00,2190,2780
,,,1999-06-04 9:00,2190,2780
,,,1999-06-04 10:00,2227.5,2780
,,,1999-06-04 11:00,2240,2780
,,,1999-06-04 12:00,2240,2780
,,,1999-06-04 13:00,2240,2780
,,,1999-06-04 14:00,2240,2760
,,,1999-06-04 15:00,2240,2760
,,,1999-06-04 16:00,2190,2760
,,,1999-06-04 17:00,2190,2760
,,,1999-06-04 18:00,2190,2760
,,,1999-06-04 19:00,2190,2760
,,,1999-06-04 20:00,2190,2730
,,,1999-06-04 21:00,2190,2730
,,,1999-06-04 22:00,2190,2710
,,,1999-06-04 23:00,2190,2710
,,,1999-06-05 0:00,2190,2695
,,,1999-06-05 1:00,2190,2680
,,,1999-06-05 2:00,2190,2670
,,,1999-06-05 3:00,2190,2660
,,,1999-06-05 4:00,2190,2660
,,,1999-06-05 5:00,2202.5,2660
,,,1999-06-05 6:00,2240,2630
,,,1999-06-05 7:00,2240,2630
,,,1999-06-05 8:00,2240,2630
,,,1999-06-05 9:00,2240,2630
,,,1999-06-05 10:00,2240,2610
,,,1999-06-05 11:00,2240,2590
,,,1999-06-05 12:00,2240,2575
,,,1999-06-05 13:00,2240,2540
,,,1999-06-05 14:00,2240,2540
,,,1999-06-05 15:00,2202.5,2540
,,,1999-06-05 16:00,2190,2540
,,,1999-06-05 17:00,2152.5,2540
,,,1999-06-05 18:00,2140,2540
,,,1999-06-05 19:00,2140,2540
,,,1999-06-05 20:00,2140,2540
,,,1999-06-05 21:00,2140,2540
,,,1999-06-05 22:00,2140,2540
,,,1999-06-05 23:00,2140,2540
,,,1999-06-06 0:00,2140,2540
,,,1999-06-06 1:00,2140,2550
,,,1999-06-06 2:00,2140,2540
,,,1999-06-06 3:00,2140,2560
,,,1999-06-06 4:00,2140,2560
,,,1999-06-06 5:00,2140,2540
,,,1999-06-06 6:00,2140,2540
,,,1999-06-06 7:00,2140,2540
,,,1999-06-06 8:00,2140,2510
,,,1999-06-06 9:00,2140,2525
,,,1999-06-06 10:00,2140,2510
,,,1999-06-06 11:00,2140,2510
,,,1999-06-06 12:00,2140,2500
,,,1999-06-06 13:00,2140,2480
,,,1999-06-06 14:00,2115,2455
,,,1999-06-06 15:00,2040,2430
,,,1999-06-06 16:00,1927.5,2400
,,,1999-06-06 17:00,1890,2400
,,,1999-06-06 18:00,1840,2385
,,,1999-06-06 19:00,1840,2350
,,,1999-06-06 20:00,1790,2350
,,,1999-06-06 21:00,1790,2330
,,,1999-06-06 22:00,1790,2330
,,,1999-06-06 23:00,1790,2330
,,,1999-06-07 0:00,1790,2300
,,,1999-06-07 1:00,1790,2300
,,,1999-06-07 2:00,1790,2300
,,,1999-06-07 3:00,1790,2300
,,,1999-06-07 4:00,1790,2300
,,,1999-06-07 5:00,1840,2300
,,,1999-06-07 6:00,1915,2300
,,,1999-06-07 7:00,1940,2300
,,,1999-06-07 8:00,1940,2300
,,,1999-06-07 9:00,1940,2300
,,,1999-06-07 10:00,1940,2300
,,,1999-06-07 11:00,1940,2300
,,,1999-06-07 12:00,1940,2300
,,,1999-06-07 13:00,1940,2280
,,,1999-06-07 14:00,1915,2280
,,,1999-06-07 15:00,1852.5,2280
,,,1999-06-07 16:00,1840,2280
,,,1999-06-07 17:00,1740,2280
,,,1999-06-07 18:00,1740,2280
,,,1999-06-07 19:00,1720,2280
,,,1999-06-07 20:00,1700,2280
,,,1999-06-07 21:00,1650,2290
,,,1999-06-07 22:00,1625,2330
,,,1999-06-07 23:00,1600,2350
,,,1999-06-08 0:00,1600,2360
,,,1999-06-08 1:00,1560,2370
,,,1999-06-08 2:00,1535,2360
,,,1999-06-08 3:00,1510,2350
,,,1999-06-08 4:00,1510,2350
,,,1999-06-08 5:00,1510,2350
,,,1999-06-08 6:00,1500,2340
,,,1999-06-08 7:00,1557.5,2330
,,,1999-06-08 8:00,1590,2315
,,,1999-06-08 9:00,1590,2300
,,,1999-06-08 10:00,1590,2290
,,,1999-06-08 11:00,1612.5,2290
,,,1999-06-08 12:00,1625,2280
,,,1999-06-08 13:00,1650,2280
,,,1999-06-08 14:00,1650,2280
,,,1999-06-08 15:00,1650,2270
,,,1999-06-08 16:00,1650,2260
,,,1999-06-08 17:00,1650,2245
,,,1999-06-08 18:00,1650,2220
,,,1999-06-08 19:00,1637.5,2210
,,,1999-06-08 20:00,1590,2175
,,,1999-06-08 21:00,1560,2160
,,,1999-06-08 22:00,1510,2140
,,,1999-06-08 23:00,1480,2120
,,,1999-06-09 0:00,1457.5,2090
,,,1999-06-09 1:00,1420,2070
,,,1999-06-09 2:00,1420,2070
,,,1999-06-09 3:00,1420,2050
,,,1999-06-09 4:00,1420,2050
,,,1999-06-09 5:00,1420,2050
,,,1999-06-09 6:00,1420,2035
,,,1999-06-09 7:00,1557.5,2020
,,,1999-06-09 8:00,1570,2020
,,,1999-06-09 9:00,1547.5,2020
,,,1999-06-09 10:00,1547.5,2010
,,,1999-06-09 11:00,1560,1990
,,,1999-06-09 12:00,1560,1980
,,,1999-06-09 13:00,1560,1970
,,,1999-06-09 14:00,1570,1960
,,,1999-06-09 15:00,1560,1960
,,,1999-06-09 16:00,1560,1945
,,,1999-06-09 17:00,1560,1930
,,,1999-06-09 18:00,1560,1920
,,,1999-06-09 19:00,1470,1910
,,,1999-06-09 20:00,1432.5,1910
,,,1999-06-09 21:00,1410,1910
,,,1999-06-09 22:00,1380,1920
,,,1999-06-09 23:00,1380,1945
,,,1999-06-10 0:00,1340,1970
,,,1999-06-10 1:00,1302.5,1990
,,,1999-06-10 2:00,1290,2000
,,,1999-06-10 3:00,1290,2020
,,,1999-06-10 4:00,1290,2020
,,,1999-06-10 5:00,1280,2020
,,,1999-06-10 6:00,1295,2010
,,,1999-06-10 7:00,1340,2000
,,,1999-06-10 8:00,1340,1990
,,,1999-06-10 9:00,1340,1980
,,,1999-06-10 10:00,1340,1960
,,,1999-06-10 11:00,1340,1945
,,,1999-06-10 12:00,1340,1920
,,,1999-06-10 13:00,1340,1910
,,,1999-06-10 14:00,1340,1910
,,,1999-06-10 15:00,1340,1900
,,,1999-06-10 16:00,1340,1890
,,,1999-06-10 17:00,1340,1860
,,,1999-06-10 18:00,1340,1860
,,,1999-06-10 19:00,1340,1860
,,,1999-06-10 20:00,1340,1875
,,,1999-06-10 21:00,1340,1890
,,,1999-06-10 22:00,1340,1900
,,,1999-06-10 23:00,1340,1910
,,,1999-06-11 0:00,1340,1930
,,,1999-06-11 1:00,1340,1930
,,,1999-06-11 2:00,1340,1960
,,,1999-06-11 3:00,1315,1960
,,,1999-06-11 4:00,1290,1960
,,,1999-06-11 5:00,1290,1960
,,,1999-06-11 6:00,1357.5,1960
,,,1999-06-11 7:00,1380,1960
,,,1999-06-11 8:00,1380,1945
,,,1999-06-11 9:00,1380,1930
,,,1999-06-11 10:00,1410,1930
,,,1999-06-11 11:00,1420,1930
,,,1999-06-11 12:00,1420,1920
,,,1999-06-11 13:00,1420,1910
,,,1999-06-11 14:00,1432.5,1910
,,,1999-06-11 15:00,1470,1910
,,,1999-06-11 16:00,1420,1890
,,,1999-06-11 17:00,1420,1890
,,,1999-06-11 18:00,1393.333333,1890
,,,1999-06-11 19:00,1340,1890
,,,1999-06-11 20:00,1340,1890
,,,1999-06-11 21:00,1340,1890
,,,1999-06-11 22:00,1340,1860
,,,1999-06-11 23:00,1340,1860
,,,1999-06-12 0:00,1340,1840
,,,1999-06-12 1:00,1340,1830
,,,1999-06-12 2:00,1307.5,1820
,,,1999-06-12 3:00,1190,1820
,,,1999-06-12 4:00,1170,1820
,,,1999-06-12 5:00,1170,1800
,,,1999-06-12 6:00,1170,1790
,,,1999-06-12 7:00,1210,1780
,,,1999-06-12 8:00,1250,1780
,,,1999-06-12 9:00,1290,1780
,,,1999-06-12 10:00,1290,1780
,,,1999-06-12 11:00,1290,1780
,,,1999-06-12 12:00,1290,1780
,,,1999-06-12 13:00,1290,1780
,,,1999-06-12 14:00,1290,1780
,,,1999-06-12 15:00,1290,1780
,,,1999-06-12 16:00,1270,1780
,,,1999-06-12 17:00,1250,1780
,,,1999-06-12 18:00,1250,1770
,,,1999-06-12 19:00,1250,1760
,,,1999-06-12 20:00,1250,1750
,,,1999-06-12 21:00,1250,1740
,,,1999-06-12 22:00,1250,1740
,,,1999-06-12 23:00,1250,1720
,,,1999-06-13 0:00,1250,1720
,,,1999-06-13 1:00,1250,1720
,,,1999-06-13 2:00,1250,1720
,,,1999-06-13 3:00,1250,1720
,,,1999-06-13 4:00,1260,1710
,,,1999-06-13 5:00,1290,1700
,,,1999-06-13 6:00,1360,1700
,,,1999-06-13 7:00,1380,1700
,,,1999-06-13 8:00,1380,1720
,,,1999-06-13 9:00,1400,1740
,,,1999-06-13 10:00,1420,1740
,,,1999-06-13 11:00,1410,1740
,,,1999-06-13 12:00,1390,1730
,,,1999-06-13 13:00,1380,1720
,,,1999-06-13 14:00,1380,1720
,,,1999-06-13 15:00,1370,1720
,,,1999-06-13 16:00,1340,1720
,,,1999-06-13 17:00,1340,1710
,,,1999-06-13 18:00,1340,1690
,,,1999-06-13 19:00,1340,1680
,,,1999-06-13 20:00,1340,1680
,,,1999-06-13 21:00,1340,1680
,,,1999-06-13 22:00,1340,1660
,,,1999-06-13 23:00,1340,1660
,,,1999-06-14 0:00,1340,1660
,,,1999-06-14 1:00,1340,1650
,,,1999-06-14 2:00,1350,1640
,,,1999-06-14 3:00,1390,1630
,,,1999-06-14 4:00,1420,1620
,,,1999-06-14 5:00,1457.5,1600
,,,1999-06-14 6:00,1470,1590
,,,1999-06-14 7:00,1470,1580
,,,1999-06-14 8:00,1470,1560
,,,1999-06-14 9:00,1470,1560
,,,1999-06-14 10:00,1432.5,1600
,,,1999-06-14 11:00,1570,1640
,,,1999-06-14 12:00,1675,1630
,,,1999-06-14 13:00,1650,1610
,,,1999-06-14 14:00,1650,1600
,,,1999-06-14 15:00,1650,1590
,,,1999-06-14 16:00,1650,1580
,,,1999-06-14 17:00,1650,1590
,,,1999-06-14 18:00,1620,1600
,,,1999-06-14 19:00,1560,1610
,,,1999-06-14 20:00,1560,1620
,,,1999-06-14 21:00,1560,1640
,,,1999-06-14 22:00,1560,1650
,,,1999-06-14 23:00,1560,1670
,,,1999-06-15 0:00,1560,1690
,,,1999-06-15 1:00,1560,1720
,,,1999-06-15 2:00,1560,1740
,,,1999-06-15 3:00,1560,1750
,,,1999-06-15 4:00,1560,1760
,,,1999-06-15 5:00,1590,1760
,,,1999-06-15 6:00,1610,1760
,,,1999-06-15 7:00,1625,1760
,,,1999-06-15 8:00,1650,1770
,,,1999-06-15 9:00,1687.5,1780
,,,1999-06-15 10:00,1720,1800
,,,1999-06-15 11:00,1700,1800
,,,1999-06-15 12:00,1710,1800
,,,1999-06-15 13:00,1662.5,1800
,,,1999-06-15 14:00,1650,1820
,,,1999-06-15 15:00,1625,1830
,,,1999-06-15 16:00,1600,1840
,,,1999-06-15 17:00,1560,1860
,,,1999-06-15 18:00,1526.666667,1840
,,,1999-06-15 19:00,1510,1840
,,,1999-06-15 20:00,1470,1840
,,,1999-06-15 21:00,1390,1840
,,,1999-06-15 22:00,1315,1820
,,,1999-06-15 23:00,1230,1820
,,,1999-06-16 0:00,1190,1810
,,,1999-06-16 1:00,1170,1800
,,,1999-06-16 2:00,1170,1800
,,,1999-06-16 3:00,1200,1800
,,,1999-06-16 4:00,1210,1800
,,,1999-06-16 5:00,1220,1800
,,,1999-06-16 6:00,1220,1800
,,,1999-06-16 7:00,1270,1780
,,,1999-06-16 8:00,1250,1780
,,,1999-06-16 9:00,1250,1780
,,,1999-06-16 10:00,1220,1780
,,,1999-06-16 11:00,1220,1780
,,,1999-06-16 12:00,1230,1780
,,,1999-06-16 13:00,1250,1780
,,,1999-06-16 14:00,1315,1780
,,,1999-06-16 15:00,1340,1780
,,,1999-06-16 16:00,1350,1780
,,,1999-06-16 17:00,1360,1780
,,,1999-06-16 18:00,1380,1780
,,,1999-06-16 19:00,1388,1780
,,,1999-06-16 20:00,1400,1780
,,,1999-06-16 21:00,1390,1780
,,,1999-06-16 22:00,1420,1780
,,,1999-06-16 23:00,1420,1780
,,,1999-06-17 0:00,1420,1780
,,,1999-06-17 1:00,1420,1800
,,,1999-06-17 2:00,1445,1820
,,,1999-06-17 3:00,1380,1820
,,,1999-06-17 4:00,1360,1820
,,,1999-06-17 5:00,1370,1820
,,,1999-06-17 6:00,1390,1820
,,,1999-06-17 7:00,1457.5,1820
,,,1999-06-17 8:00,1470,1800
,,,1999-06-17 9:00,1490,1800
,,,1999-06-17 10:00,1510,1800
,,,1999-06-17 11:00,1510,1790
,,,1999-06-17 12:00,1547.5,1780
,,,1999-06-17 13:00,1560,1780
,,,1999-06-17 14:00,1560,1780
,,,1999-06-17 15:00,1560,1780
,,,1999-06-17 16:00,1560,1780
,,,1999-06-17 17:00,1560,1780
,,,1999-06-17 18:00,1560,1790
,,,1999-06-17 19:00,1560,1780
,,,1999-06-17 20:00,1547.5,1780
,,,1999-06-17 21:00,1535,1770
,,,1999-06-17 22:00,1480,1760
,,,1999-06-17 23:00,1445,1750
,,,1999-06-18 0:00,1457.5,1740
,,,1999-06-18 1:00,1470,1740
,,,1999-06-18 2:00,1432.5,1740
,,,1999-06-18 3:00,1470,1740
,,,1999-06-18 4:00,1502.5,1740
,,,1999-06-18 5:00,1512.5,1740
,,,1999-06-18 6:00,1522.5,1740
,,,1999-06-18 7:00,1547.5,1740
,,,1999-06-18 8:00,1547.5,1740
,,,1999-06-18 9:00,1522.5,1740
,,,1999-06-18 10:00,1510,1740
,,,1999-06-18 11:00,1510,1740
,,,1999-06-18 12:00,1510,1750
,,,1999-06-18 13:00,1510,1760
,,,1999-06-18 14:00,1510,1760
,,,1999-06-18 15:00,1510,1780
,,,1999-06-18 16:00,1510,1780
,,,1999-06-18 17:00,1500,1780
,,,1999-06-18 18:00,1470,1760
,,,1999-06-18 19:00,1470,1760
,,,1999-06-18 20:00,1457.5,1760
,,,1999-06-18 21:00,1420,1760
,,,1999-06-18 22:00,1420,1760
,,,1999-06-18 23:00,1410,1760
,,,1999-06-19 0:00,1390,1760
,,,1999-06-19 1:00,1380,1760
,,,1999-06-19 2:00,1380,1760
,,,1999-06-19 3:00,1380,1760
,,,1999-06-19 4:00,1380,1780
,,,1999-06-19 5:00,1380,1780
,,,1999-06-19 6:00,1380,1800
,,,1999-06-19 7:00,1380,1800
,,,1999-06-19 8:00,1390,1800
,,,1999-06-19 9:00,1380,1800
,,,1999-06-19 10:00,1410,1800
,,,1999-06-19 11:00,1400,1810
,,,1999-06-19 12:00,1380,1820
,,,1999-06-19 13:00,1380,1820
,,,1999-06-19 14:00,1380,1840
,,,1999-06-19 15:00,1370,1850
,,,1999-06-19 16:00,1340,1875
,,,1999-06-19 17:00,1340,1890
,,,1999-06-19 18:00,1340,1900
,,,1999-06-19 19:00,1290,1910
,,,1999-06-19 20:00,1290,1910
,,,1999-06-19 21:00,1290,1920
,,,1999-06-19 22:00,1302.5,1930
,,,1999-06-19 23:00,1315,1930
,,,1999-06-20 0:00,1327.5,1930
,,,1999-06-20 1:00,1327.5,1930
,,,1999-06-20 2:00,1340,1930
,,,1999-06-20 3:00,1350,1930
,,,1999-06-20 4:00,1445,1930
,,,1999-06-20 5:00,1512.5,1930
,,,1999-06-20 6:00,1612.5,1930
,,,1999-06-20 7:00,1675,1930
,,,1999-06-20 8:00,1755,1930
,,,1999-06-20 9:00,1852.5,1920
,,,1999-06-20 10:00,1840,1910
,,,1999-06-20 11:00,1840,1910
,,,1999-06-20 12:00,1790,1890
,,,1999-06-20 13:00,1840,1890
,,,1999-06-20 14:00,1852.5,1890
,,,1999-06-20 15:00,1890,1890
,,,1999-06-20 16:00,1890,1890
,,,1999-06-20 17:00,1927.5,1890
,,,1999-06-20 18:00,1940,1890
,,,1999-06-20 19:00,1940,1890
,,,1999-06-20 20:00,1940,1890
,,,1999-06-20 21:00,1952.5,1875
,,,1999-06-20 22:00,1940,1860
,,,1999-06-20 23:00,1952.5,1860
,,,1999-06-21 0:00,1965,1860
,,,1999-06-21 1:00,1965,1860
,,,1999-06-21 2:00,1977.5,1850
,,,1999-06-21 3:00,1940,1840
,,,1999-06-21 4:00,1940,1840
,,,1999-06-21 5:00,1940,1840
,,,1999-06-21 6:00,1915,1840
,,,1999-06-21 7:00,1915,1830
,,,1999-06-21 8:00,1890,1820
,,,1999-06-21 9:00,1865,1820
,,,1999-06-21 10:00,1840,1820
,,,1999-06-21 11:00,1840,1820
,,,1999-06-21 12:00,1815,1820
,,,1999-06-21 13:00,1790,1820
,,,1999-06-21 14:00,1790,1820
,,,1999-06-21 15:00,1777.5,1840
,,,1999-06-21 16:00,1740,1840
,,,1999-06-21 17:00,1740,1830
,,,1999-06-21 18:00,1740,1830
,,,1999-06-21 19:00,1700,1820
,,,1999-06-21 20:00,1615,1820
,,,1999-06-21 21:00,1560,1820
,,,1999-06-21 22:00,1510,1820
,,,1999-06-21 23:00,1510,1800
,,,1999-06-22 0:00,1615,1800
,,,1999-06-22 1:00,1675,1780
,,,1999-06-22 2:00,1700,1780
,,,1999-06-22 3:00,1700,1760
,,,1999-06-22 4:00,1700,1740
,,,1999-06-22 5:00,1675,1730
,,,1999-06-22 6:00,1650,1710
,,,1999-06-22 7:00,1650,1680
,,,1999-06-22 8:00,1675,1660
,,,1999-06-22 9:00,1650,1630
,,,1999-06-22 10:00,1650,1620
,,,1999-06-22 11:00,1650,1600
,,,1999-06-22 12:00,1637.5,1590
,,,1999-06-22 13:00,1612.5,1580
,,,1999-06-22 14:00,1600,1580
,,,1999-06-22 15:00,1600,1580
,,,1999-06-22 16:00,1560,1600
,,,1999-06-22 17:00,1560,1620
,,,1999-06-22 18:00,1526.666667,1630
,,,1999-06-22 19:00,1510,1640
,,,1999-06-22 20:00,1510,1660
,,,1999-06-22 21:00,1500,1660
,,,1999-06-22 22:00,1470,1660
,,,1999-06-22 23:00,1470,1660
,,,1999-06-23 0:00,1470,1660
,,,1999-06-23 1:00,1457.5,1670
,,,1999-06-23 2:00,1410,1680
,,,1999-06-23 3:00,1302.5,1680
,,,1999-06-23 4:00,1260,1700
,,,1999-06-23 5:00,1230,1700
,,,1999-06-23 6:00,1240,1700
,,,1999-06-23 7:00,1350,1700
,,,1999-06-23 8:00,1380,1700
,,,1999-06-23 9:00,1420,1700
,,,1999-06-23 10:00,1400,1690
,,,1999-06-23 11:00,1420,1680
,,,1999-06-23 12:00,1432.5,1660
,,,1999-06-23 13:00,1457.5,1660
,,,1999-06-23 14:00,1420,1660
,,,1999-06-23 15:00,1390,1670
,,,1999-06-23 16:00,1380,1680
,,,1999-06-23 17:00,1360,1680
,,,1999-06-23 18:00,1340,1680
,,,1999-06-23 19:00,1340,1690
,,,1999-06-23 20:00,1302.5,1700
,,,1999-06-23 21:00,1280,1700
,,,1999-06-23 22:00,1250,1700
,,,1999-06-23 23:00,1240,1710
,,,1999-06-24 0:00,1210,1740
,,,1999-06-24 1:00,1210,1740
,,,1999-06-24 2:00,1210,1740
,,,1999-06-24 3:00,1120,1740
,,,1999-06-24 4:00,1080,1740
,,,1999-06-24 5:00,1080,1720
,,,1999-06-24 6:00,1100,1700
,,,1999-06-24 7:00,1150,1700
,,,1999-06-24 8:00,1140,1680
,,,1999-06-24 9:00,1140,1660
,,,1999-06-24 10:00,1140,1640
,,,1999-06-24 11:00,1170,1620
,,,1999-06-24 12:00,1170,1610
,,,1999-06-24 13:00,1180,1600
,,,1999-06-24 14:00,1190,1620
,,,1999-06-24 15:00,1210,1620
,,,1999-06-24 16:00,1250,1640
,,,1999-06-24 17:00,1250,1640
,,,1999-06-24 18:00,1263.333333,1650
,,,1999-06-24 19:00,1268,1660
,,,1999-06-24 20:00,1250,1660
,,,1999-06-24 21:00,1220,1660
,,,1999-06-24 22:00,1210,1660
,,,1999-06-24 23:00,1180,1660
,,,1999-06-25 0:00,1170,1660
,,,1999-06-25 1:00,1140,1660
,,,1999-06-25 2:00,1130,1660
,,,1999-06-25 3:00,1130,1640
,,,1999-06-25 4:00,1100,1640
,,,1999-06-25 5:00,1040,1620
,,,1999-06-25 6:00,1030,1610
,,,1999-06-25 7:00,1040,1600
,,,1999-06-25 8:00,1050,1590
,,,1999-06-25 9:00,1060,1580
,,,1999-06-25 10:00,1080,1560
,,,1999-06-25 11:00,1080,1540
,,,1999-06-25 12:00,1080,1520
,,,1999-06-25 13:00,1100,1520
,,,1999-06-25 14:00,1130,1520
,,,1999-06-25 15:00,1130,1520
,,,1999-06-25 16:00,1130,1530
,,,1999-06-25 17:00,1130,1540
,,,1999-06-25 18:00,1116.666667,1550
,,,1999-06-25 19:00,1098,1560
,,,1999-06-25 20:00,1100,1560
,,,1999-06-25 21:00,1110,1560
,,,1999-06-25 22:00,1160,1560
,,,1999-06-25 23:00,1170,1540
,,,1999-06-26 0:00,1170,1530
,,,1999-06-26 1:00,1170,1520
,,,1999-06-26 2:00,1110,1510
,,,1999-06-26 3:00,1090,1500
,,,1999-06-26 4:00,1060,1500
,,,1999-06-26 5:00,1050,1480
,,,1999-06-26 6:00,1050,1480
,,,1999-06-26 7:00,1050,1480
,,,1999-06-26 8:00,1030,1460
,,,1999-06-26 9:00,1070,1440
,,,1999-06-26 10:00,1090,1430
,,,1999-06-26 11:00,1110,1420
,,,1999-06-26 12:00,1090,1400
,,,1999-06-26 13:00,1090,1420
,,,1999-06-26 14:00,1080,1430
,,,1999-06-26 15:00,1040,1440
,,,1999-06-26 16:00,1020,1460
,,,1999-06-26 17:00,1010,1480
,,,1999-06-26 18:00,973,1480
,,,1999-06-26 19:00,973,1480
,,,1999-06-26 20:00,973,1480
,,,1999-06-26 21:00,963.75,1480
,,,1999-06-26 22:00,917.5,1480
,,,1999-06-26 23:00,899,1480
,,,1999-06-27 0:00,899,1480
,,,1999-06-27 1:00,899,1460
,,,1999-06-27 2:00,890.25,1460
,,,1999-06-27 3:00,899,1450
,,,1999-06-27 4:00,881.5,1440
,,,1999-06-27 5:00,872.75,1440
,,,1999-06-27 6:00,881.5,1440
,,,1999-06-27 7:00,908.25,1440
,,,1999-06-27 8:00,899,1430
,,,1999-06-27 9:00,899,1420
,,,1999-06-27 10:00,908.25,1420
,,,1999-06-27 11:00,881.5,1420
,,,1999-06-27 12:00,872.75,1420
,,,1999-06-27 13:00,926.75,1430
,,,1999-06-27 14:00,936,1440
,,,1999-06-27 15:00,908.25,1450
,,,1999-06-27 16:00,881.5,1460
,,,1999-06-27 17:00,864,1460
,,,1999-06-27 18:00,841.3333333,1460
,,,1999-06-27 19:00,830,1460
,,,1999-06-27 20:00,813,1460
,,,1999-06-27 21:00,787.75,1480
,,,1999-06-27 22:00,755,1460
,,,1999-06-27 23:00,739,1460
,,,1999-06-28 0:00,731,1460
,,,1999-06-28 1:00,755,1450
,,,1999-06-28 2:00,763,1440
,,,1999-06-28 3:00,763,1420
,,,1999-06-28 4:00,779.5,1420
,,,1999-06-28 5:00,771.25,1420
,,,1999-06-28 6:00,771.25,1420
,,,1999-06-28 7:00,771.25,1400
,,,1999-06-28 8:00,796,1400
,,,1999-06-28 9:00,796,1400
,,,1999-06-28 10:00,787.75,1390
,,,1999-06-28 11:00,787.75,1380
,,,1999-06-28 12:00,804.5,1380
,,,1999-06-28 13:00,830,1380
,,,1999-06-28 14:00,864,1380
,,,1999-06-28 15:00,872.75,1380
,,,1999-06-28 16:00,881.5,1400
,,,1999-06-28 17:00,899,1430
,,,1999-06-28 18:00,875.6666667,1460
,,,1999-06-28 19:00,899,1490
,,,1999-06-28 20:00,890.25,1520
,,,1999-06-28 21:00,908.25,1530
,,,1999-06-28 22:00,936,1540
,,,1999-06-28 23:00,963.75,1540
,,,1999-06-29 0:00,982.25,1530
,,,1999-06-29 1:00,1020,1520
,,,1999-06-29 2:00,1030,1520
,,,1999-06-29 3:00,1050,1520
,,,1999-06-29 4:00,1090,1500
,,,1999-06-29 5:00,1100,1500
,,,1999-06-29 6:00,1183.333333,1520
,,,1999-06-29 7:00,1220,1520
,,,1999-06-29 8:00,1230,1540
,,,1999-06-29 9:00,1250,1550
,,,1999-06-29 10:00,1250,1590
,,,1999-06-29 11:00,1290,1620
,,,1999-06-29 12:00,1280,1630
,,,1999-06-29 13:00,1370,1660
,,,1999-06-29 14:00,1400,1670
,,,1999-06-29 15:00,1410,1710
,,,1999-06-29 16:00,1390,1730
,,,1999-06-29 17:00,1360,1750
,,,1999-06-29 18:00,1323.333333,1760
,,,1999-06-29 19:00,1280,1780
,,,1999-06-29 20:00,1210,1780
,,,1999-06-29 21:00,1170,1780
,,,1999-06-29 22:00,1130,1770
,,,1999-06-29 23:00,1130,1750
,,,1999-06-30 0:00,1120,1730
,,,1999-06-30 1:00,1100,1710
,,,1999-06-30 2:00,1060,1690
,,,1999-06-30 3:00,1040,1670
,,,1999-06-30 4:00,1020,1660
,,,1999-06-30 5:00,991.5,1650
,,,1999-06-30 6:00,991.5,1630
,,,1999-06-30 7:00,1040,1620
,,,1999-06-30 8:00,1050,1600
,,,1999-06-30 9:00,1050,1590
,,,1999-06-30 10:00,1050,1580
,,,1999-06-30 11:00,1050,1570
,,,1999-06-30 12:00,1050,1540
,,,1999-06-30 13:00,1050,1530
,,,1999-06-30 14:00,1050,1520
,,,1999-06-30 15:00,1050,1510
,,,1999-06-30 16:00,1050,1490
,,,1999-06-30 17:00,1050,1480
,,,1999-06-30 18:00,1050,1480
,,,1999-06-30 19:00,1050,1480
,,,1999-06-30 20:00,1050,1480
,,,1999-06-30 21:00,1050,1480
,,,1999-06-30 22:00,1030,1480
,,,1999-06-30 23:00,1000.75,1460
,,,1999-07-01 0:00,982.25,1440
,,,1999-07-01 1:00,982.25,1430
,,,1999-07-01 2:00,1020,1420
,,,1999-07-01 3:00,982.25,1400
,,,1999-07-01 4:00,973,1390
,,,1999-07-01 5:00,973,1380
,,,1999-07-01 6:00,1030,1360
,,,1999-07-01 7:00,1090,1360
,,,1999-07-01 8:00,1090,1350
,,,1999-07-01 9:00,1090,1330
,,,1999-07-01 10:00,1070,1330
,,,1999-07-01 11:00,1060,1300
,,,1999-07-01 12:00,1070,1290
,,,1999-07-01 13:00,1130,1290
,,,1999-07-01 14:00,1160,1290
,,,1999-07-01 15:00,1170,1290
,,,1999-07-01 16:00,1180,1290
,,,1999-07-01 17:00,1220,1300
,,,1999-07-01 18:00,1250,1330
,,,1999-07-01 19:00,1240,1350
,,,1999-07-01 20:00,1220,1360
,,,1999-07-01 21:00,1230,1360
,,,1999-07-01 22:00,1250,1380
,,,1999-07-01 23:00,1250,1370
,,,1999-07-02 0:00,1210,1360
,,,1999-07-02 1:00,1190,1360
,,,1999-07-02 2:00,1150,1360
,,,1999-07-02 3:00,1060,1360
,,,1999-07-02 4:00,1010,1360
,,,1999-07-02 5:00,982.25,1360
,,,1999-07-02 6:00,1000.75,1360
,,,1999-07-02 7:00,1070,1360
,,,1999-07-02 8:00,1080,1355
,,,1999-07-02 9:00,1080,1350
,,,1999-07-02 10:00,1090,1350
,,,1999-07-02 11:00,1070,1340
,,,1999-07-02 12:00,1060,1345
,,,1999-07-02 13:00,1070,1360
,,,1999-07-02 14:00,1050,1360
,,,1999-07-02 15:00,1050,1360
,,,1999-07-02 16:00,1030,1500
,,,1999-07-02 17:00,1010,2420
,,,1999-07-02 18:00,1010,3015
,,,1999-07-02 19:00,991.5,3015
,,,1999-07-02 20:00,982.25,2830
,,,1999-07-02 21:00,973,2635
,,,1999-07-02 22:00,973,2505
,,,1999-07-02 23:00,973,2375
,,,1999-07-03 0:00,973,2280
,,,1999-07-03 1:00,963.75,2200
,,,1999-07-03 2:00,963.75,2160
,,,1999-07-03 3:00,963.75,2105
,,,1999-07-03 4:00,973,2060
,,,1999-07-03 5:00,973,2020
,,,1999-07-03 6:00,973,2000
,,,1999-07-03 7:00,963.75,1980
,,,1999-07-03 8:00,973,1960
,,,1999-07-03 9:00,963.75,1930
,,,1999-07-03 10:00,973,1900
,,,1999-07-03 11:00,973,1860
,,,1999-07-03 12:00,991.5,1830
,,,1999-07-03 13:00,991.5,1790
,,,1999-07-03 14:00,982.25,1780
,,,1999-07-03 15:00,982.25,1780
,,,1999-07-03 16:00,973,1760
,,,1999-07-03 17:00,973,1770
,,,1999-07-03 18:00,960.6666667,1780
,,,1999-07-03 19:00,936,1800
,,,1999-07-03 20:00,936,1800
,,,1999-07-03 21:00,963.75,1800
,,,1999-07-03 22:00,973,1800
,,,1999-07-03 23:00,991.5,1800
,,,1999-07-04 0:00,1010,1780
,,,1999-07-04 1:00,1050,1770
,,,1999-07-04 2:00,1020,1760
,,,1999-07-04 3:00,1010,1760
,,,1999-07-04 4:00,1040,1740
,,,1999-07-04 5:00,1080,1740
,,,1999-07-04 6:00,1140,1740
,,,1999-07-04 7:00,1170,1740
,,,1999-07-04 8:00,1230,1720
,,,1999-07-04 9:00,1260,1700
,,,1999-07-04 10:00,1290,1690
,,,1999-07-04 11:00,1340,1650
,,,1999-07-04 12:00,1340,1630
,,,1999-07-04 13:00,1350,1620
,,,1999-07-04 14:00,1420,1630
,,,1999-07-04 15:00,1420,1640
,,,1999-07-04 16:00,1420,1660
,,,1999-07-04 17:00,1390,1680
,,,1999-07-04 18:00,1380,1700
,,,1999-07-04 19:00,1370,1720
,,,1999-07-04 20:00,1340,1740
,,,1999-07-04 21:00,1340,1740
,,,1999-07-04 22:00,1302.5,1740
,,,1999-07-04 23:00,1290,1740
,,,1999-07-05 0:00,1280,1740
,,,1999-07-05 1:00,1290,1720
,,,1999-07-05 2:00,1270,1700
,,,1999-07-05 3:00,1270,1690
,,,1999-07-05 4:00,1260,1670
,,,1999-07-05 5:00,1270,1660
,,,1999-07-05 6:00,1270,1650
,,,1999-07-05 7:00,1260,1630
,,,1999-07-05 8:00,1270,1620
,,,1999-07-05 9:00,1337.5,1600
,,,1999-07-05 10:00,1290,1570
,,,1999-07-05 11:00,1302.5,1540
,,,1999-07-05 12:00,1290,1520
,,,1999-07-05 13:00,1260,1500
,,,1999-07-05 14:00,1240,1520
,,,1999-07-05 15:00,1200,1530
,,,1999-07-05 16:00,1140,1550
,,,1999-07-05 17:00,1070,1580
,,,1999-07-05 18:00,1036.666667,1600
,,,1999-07-05 19:00,1000.75,1620
,,,1999-07-05 20:00,973,1640
,,,1999-07-05 21:00,936,1660
,,,1999-07-05 22:00,936,1660
,,,1999-07-05 23:00,890.25,1660
,,,1999-07-06 0:00,872.75,1660
,,,1999-07-06 1:00,872.75,1660
,,,1999-07-06 2:00,864,1660
,,,1999-07-06 3:00,855.5,1640
,,,1999-07-06 4:00,821.5,1620
,,,1999-07-06 5:00,796.25,1620
,,,1999-07-06 6:00,779.75,1600
,,,1999-07-06 7:00,787.75,1590
,,,1999-07-06 8:00,804.5,1580
,,,1999-07-06 9:00,821.5,1550
,,,1999-07-06 10:00,821.5,1520
,,,1999-07-06 11:00,881.5,1500
,,,1999-07-06 12:00,917.5,1480
,,,1999-07-06 13:00,945.25,1480
,,,1999-07-06 14:00,864.25,1480
,,,1999-07-06 15:00,838.5,1480
,,,1999-07-06 16:00,855.5,1480
,,,1999-07-06 17:00,855.5,1490
,,,1999-07-06 18:00,864,1510
,,,1999-07-06 19:00,830,1530
,,,1999-07-06 20:00,830,1550
,,,1999-07-06 21:00,813,1560
,,,1999-07-06 22:00,796,1560
,,,1999-07-06 23:00,771.25,1560
,,,1999-07-07 0:00,763,1560
,,,1999-07-07 1:00,739,1550
,,,1999-07-07 2:00,715.5,1530
,,,1999-07-07 3:00,715.5,1510
,,,1999-07-07 4:00,692.75,1490
,,,1999-07-07 5:00,678.25,1480
,,,1999-07-07 6:00,685.5,1460
,,,1999-07-07 7:00,731.25,1440
,,,1999-07-07 8:00,739,1430
,,,1999-07-07 9:00,731,1400
,,,1999-07-07 10:00,731,1390
,,,1999-07-07 11:00,731,1370
,,,1999-07-07 12:00,731,1340
,,,1999-07-07 13:00,731,1330
,,,1999-07-07 14:00,731,1330
,,,1999-07-07 15:00,707.75,1330
,,,1999-07-07 16:00,656.5,1340
,,,1999-07-07 17:00,642,1350
,,,1999-07-07 18:00,614,1360
,,,1999-07-07 19:00,614,1370
,,,1999-07-07 20:00,600.5,1400
,,,1999-07-07 21:00,593.75,1410
,,,1999-07-07 22:00,628,1420
,,,1999-07-07 23:00,642,1410
,,,1999-07-08 0:00,642,1400
,,,1999-07-08 1:00,671,1390
,,,1999-07-08 2:00,671,1370
,,,1999-07-08 3:00,685.5,1355
,,,1999-07-08 4:00,692.75,1350
,,,1999-07-08 5:00,723.25,1330
,,,1999-07-08 6:00,755.25,1320
,,,1999-07-08 7:00,788.25,1290
,,,1999-07-08 8:00,763.75,1280
,,,1999-07-08 9:00,795.75,1260
,,,1999-07-08 10:00,739,1240
,,,1999-07-08 11:00,739,1210
,,,1999-07-08 12:00,739,1190
,,,1999-07-08 13:00,739,1180
,,,1999-07-08 14:00,723.25,1160
,,,1999-07-08 15:00,635.25,1160
,,,1999-07-08 16:00,600.5,1170
,,,1999-07-08 17:00,587,1180
,,,1999-07-08 18:00,578.3333333,1200
,,,1999-07-08 19:00,574,1220
,,,1999-07-08 20:00,580.5,1230
,,,1999-07-08 21:00,600.5,1250
,,,1999-07-08 22:00,635,1270
,,,1999-07-08 23:00,649.25,1270
,,,1999-07-09 0:00,663.75,1270
,,,1999-07-09 1:00,663.75,1260
,,,1999-07-09 2:00,671,1250
,,,1999-07-09 3:00,671,1230
,,,1999-07-09 4:00,671,1220
,,,1999-07-09 5:00,671,1210
,,,1999-07-09 6:00,678.25,1200
,,,1999-07-09 7:00,707.75,1180
,,,1999-07-09 8:00,739,1160
,,,1999-07-09 9:00,739,1150
,,,1999-07-09 10:00,731,1110
,,,1999-07-09 11:00,715.5,1090
,,,1999-07-09 12:00,693.25,1060
,,,1999-07-09 13:00,692.75,1050
,,,1999-07-09 14:00,678.25,1050
,,,1999-07-09 15:00,656.5,1050
,,,1999-07-09 16:00,567.75,1060
,,,1999-07-09 17:00,510,1080
,,,1999-07-09 18:00,478.3333333,1090
,,,1999-07-09 19:00,474.5,1110
,,,1999-07-09 20:00,457.25,1120
,,,1999-07-09 21:00,480.25,1150
,,,1999-07-09 22:00,498,1160
,,,1999-07-09 23:00,510,1160
,,,1999-07-10 0:00,510,1160
,,,1999-07-10 1:00,504,1160
,,,1999-07-10 2:00,498,1160
,,,1999-07-10 3:00,504,1140
,,,1999-07-10 4:00,498,1120
,,,1999-07-10 5:00,492,1115
,,,1999-07-10 6:00,486.25,1100
,,,1999-07-10 7:00,480.5,1080
,,,1999-07-10 8:00,474.75,1060
,,,1999-07-10 9:00,474.5,1040
,,,1999-07-10 10:00,474.5,1030
,,,1999-07-10 11:00,474.5,1010
,,,1999-07-10 12:00,457.25,993
,,,1999-07-10 13:00,457.25,974
,,,1999-07-10 14:00,457.25,964.5
,,,1999-07-10 15:00,469,936
,,,1999-07-10 16:00,504,926.5
,,,1999-07-10 17:00,510,917
,,,1999-07-10 18:00,526.6666667,917
,,,1999-07-10 19:00,516.5,917
,,,1999-07-10 20:00,504,917
,,,1999-07-10 21:00,498,926.5
,,,1999-07-10 22:00,510,936
,,,1999-07-10 23:00,535,945.5
,,,1999-07-11 0:00,535,955
,,,1999-07-11 1:00,548,955
,,,1999-07-11 2:00,535,955
,,,1999-07-11 3:00,541.5,955
,,,1999-07-11 4:00,535,955
,,,1999-07-11 5:00,522.5,955
,,,1999-07-11 6:00,516.25,955
,,,1999-07-11 7:00,510.25,955
,,,1999-07-11 8:00,522.5,945.5
,,,1999-07-11 9:00,522.5,936
,,,1999-07-11 10:00,535,936
,,,1999-07-11 11:00,541.5,917
,,,1999-07-11 12:00,528.75,898
,,,1999-07-11 13:00,528.75,888.5
,,,1999-07-11 14:00,510,879
,,,1999-07-11 15:00,510,879
,,,1999-07-11 16:00,492,898
,,,1999-07-11 17:00,486,907.5
,,,1999-07-11 18:00,470.6666667,936
,,,1999-07-11 19:00,468.75,964.5
,,,1999-07-11 20:00,463,1001.5
,,,1999-07-11 21:00,451.5,1030
,,,1999-07-11 22:00,425,1030
,,,1999-07-11 23:00,395,1030
,,,1999-07-12 0:00,380,1030
,,,1999-07-12 1:00,380,1030
,,,1999-07-12 2:00,370.5,1020
,,,1999-07-12 3:00,343.25,1010
,,,1999-07-12 4:00,312.5,993
,,,1999-07-12 5:00,304,993
,,,1999-07-12 6:00,308.5,974
,,,1999-07-12 7:00,361.25,955
,,,1999-07-12 8:00,395,955
,,,1999-07-12 9:00,420,936
,,,1999-07-12 10:00,420,936
,,,1999-07-12 11:00,420,936
,,,1999-07-12 12:00,395,936
,,,1999-07-12 13:00,370.5,936
,,,1999-07-12 14:00,356.5,936
,,,1999-07-12 15:00,352,936
,,,1999-07-12 16:00,343,936
,,,1999-07-12 17:00,352,936
,,,1999-07-12 18:00,349,936
,,,1999-07-12 19:00,347.5,936
,,,1999-07-12 20:00,361,955
,,,1999-07-12 21:00,361,955
,,,1999-07-12 22:00,361,955
,,,1999-07-12 23:00,375.25,955
,,,1999-07-13 0:00,380,955
,,,1999-07-13 1:00,390.25,955
,,,1999-07-13 2:00,400,955
,,,1999-07-13 3:00,440,955
,,,1999-07-13 4:00,415,974
,,,1999-07-13 5:00,400,974
,,,1999-07-13 6:00,415,974
,,,1999-07-13 7:00,474.5,993
,,,1999-07-13 8:00,522.5,993
,,,1999-07-13 9:00,535,993
,,,1999-07-13 10:00,535,993
,,,1999-07-13 11:00,535,983.5
,,,1999-07-13 12:00,522.5,974
,,,1999-07-13 13:00,510,974
,,,1999-07-13 14:00,510,974
,,,1999-07-13 15:00,486,983.5
,,,1999-07-13 16:00,486,993
,,,1999-07-13 17:00,486,1010
,,,1999-07-13 18:00,486,1030
,,,1999-07-13 19:00,468.75,1060
,,,1999-07-13 20:00,463,1070
,,,1999-07-13 21:00,463,1090
,,,1999-07-13 22:00,430,1110
,,,1999-07-13 23:00,390,1110
,,,1999-07-14 0:00,370.5,1100
,,,1999-07-14 1:00,361,1090
,,,1999-07-14 2:00,361,1090
,,,1999-07-14 3:00,347.5,1070
,,,1999-07-14 4:00,325.75,1070
,,,1999-07-14 5:00,300,1070
,,,1999-07-14 6:00,308.5,1060
,,,1999-07-14 7:00,361.25,1050
,,,1999-07-14 8:00,410,1050
,,,1999-07-14 9:00,425,1040
,,,1999-07-14 10:00,440,1020
,,,1999-07-14 11:00,440,1010
,,,1999-07-14 12:00,440,993
,,,1999-07-14 13:00,440,993
,,,1999-07-14 14:00,440,993
,,,1999-07-14 15:00,440,993
,,,1999-07-14 16:00,435,993
,,,1999-07-14 17:00,420,993
,,,1999-07-14 18:00,413.3333333,993
,,,1999-07-14 19:00,405,993
,,,1999-07-14 20:00,385,1010
,,,1999-07-14 21:00,357.25,1010
,,,1999-07-14 22:00,288,1010
,,,1999-07-14 23:00,248.75,1010
,,,1999-07-15 0:00,222.5,1010
,,,1999-07-15 1:00,215.5,1010
,,,1999-07-15 2:00,230,993
,,,1999-07-15 3:00,245,993
,,,1999-07-15 4:00,260.25,993
,,,1999-07-15 5:00,264,974
,,,1999-07-15 6:00,272,974
,,,1999-07-15 7:00,276,974
,,,1999-07-15 8:00,276,974
,,,1999-07-15 9:00,264,964.5
,,,1999-07-15 10:00,264,945.5
,,,1999-07-15 11:00,264,936
,,,1999-07-15 12:00,276,936
,,,1999-07-15 13:00,284,936
,,,1999-07-15 14:00,296,917
,,,1999-07-15 15:00,308,917
,,,1999-07-15 16:00,312.5,926.5
,,,1999-07-15 17:00,326,936
,,,1999-07-15 18:00,326,945.5
,,,1999-07-15 19:00,326,955
,,,1999-07-15 20:00,326,955
,,,1999-07-15 21:00,326,955
,,,1999-07-15 22:00,330.25,955
,,,1999-07-15 23:00,338.75,955
,,,1999-07-16 0:00,343,955
,,,1999-07-16 1:00,352,955
,,,1999-07-16 2:00,356.5,955
,,,1999-07-16 3:00,361,955
,,,1999-07-16 4:00,370.5,955
,,,1999-07-16 5:00,385,955
,,,1999-07-16 6:00,361,955
,,,1999-07-16 7:00,347.5,955
,,,1999-07-16 8:00,347.5,955
,,,1999-07-16 9:00,347.5,955
,,,1999-07-16 10:00,405,955
,,,1999-07-16 11:00,457.25,955
,,,1999-07-16 12:00,510,955
,,,1999-07-16 13:00,522.5,955
,,,1999-07-16 14:00,457.25,955
,,,1999-07-16 15:00,415,955
,,,1999-07-16 16:00,400,955
,,,1999-07-16 17:00,395,955
,,,1999-07-16 18:00,380,955
,,,1999-07-16 19:00,380,955
,,,1999-07-16 20:00,380,955
,,,1999-07-16 21:00,375.25,955
,,,1999-07-16 22:00,361,955
,,,1999-07-16 23:00,352,955
,,,1999-07-17 0:00,343,955
,,,1999-07-17 1:00,338.75,955
,,,1999-07-17 2:00,334.5,955
,,,1999-07-17 3:00,326,955
,,,1999-07-17 4:00,321.5,955
,,,1999-07-17 5:00,308,955
,,,1999-07-17 6:00,304,955
,,,1999-07-17 7:00,288,955
,,,1999-07-17 8:00,280,955
,,,1999-07-17 9:00,268,955
,,,1999-07-17 10:00,260,955
,,,1999-07-17 11:00,245,955
,,,1999-07-17 12:00,233.75,955
,,,1999-07-17 13:00,230,955
,,,1999-07-17 14:00,222.5,955
,,,1999-07-17 15:00,215,955
,,,1999-07-17 16:00,215,955
,,,1999-07-17 17:00,215,955
,,,1999-07-17 18:00,210.6666667,955
,,,1999-07-17 19:00,202,955
,,,1999-07-17 20:00,202,955
,,,1999-07-17 21:00,191.5,955
,,,1999-07-17 22:00,188,955
,,,1999-07-17 23:00,188,955
,,,1999-07-18 0:00,179,955
,,,1999-07-18 1:00,176,955
,,,1999-07-18 2:00,176,955
,,,1999-07-18 3:00,176,955
,,,1999-07-18 4:00,176,955
,,,1999-07-18 5:00,176,955
,,,1999-07-18 6:00,179,955
,,,1999-07-18 7:00,237.5,955
,,,1999-07-18 8:00,280,955
,,,1999-07-18 9:00,260.25,955
,,,1999-07-18 10:00,248.75,955
,,,1999-07-18 11:00,245,955
,,,1999-07-18 12:00,245,955
,,,1999-07-18 13:00,260.25,955
,,,1999-07-18 14:00,276,955
,,,1999-07-18 15:00,300,955
,,,1999-07-18 16:00,308,955
,,,1999-07-18 17:00,326,955
,,,1999-07-18 18:00,337.3333333,955
,,,1999-07-18 19:00,343,955
,,,1999-07-18 20:00,343,955
,,,1999-07-18 21:00,343,955
,,,1999-07-18 22:00,343,955
,,,1999-07-18 23:00,347.5,955
,,,1999-07-19 0:00,361,955
,,,1999-07-19 1:00,365.75,955
,,,1999-07-19 2:00,410,955
,,,1999-07-19 3:00,425,955
,,,1999-07-19 4:00,420,955
,,,1999-07-19 5:00,415,955
,,,1999-07-19 6:00,430,955
,,,1999-07-19 7:00,430,955
,,,1999-07-19 8:00,457.25,955
,,,1999-07-19 9:00,451.5,955
,,,1999-07-19 10:00,463,955
,,,1999-07-19 11:00,451.5,955
,,,1999-07-19 12:00,451.5,955
,,,1999-07-19 13:00,440,955
,,,1999-07-19 14:00,440,955
,,,1999-07-19 15:00,445.75,955
,,,1999-07-19 16:00,468.75,955
,,,1999-07-19 17:00,498,955
,,,1999-07-19 18:00,510,955
,,,1999-07-19 19:00,535,955
,,,1999-07-19 20:00,535,955
,,,1999-07-19 21:00,528.75,955
,,,1999-07-19 22:00,510,955
,,,1999-07-19 23:00,492,955
,,,1999-07-20 0:00,474.5,955
,,,1999-07-20 1:00,457.25,955
,,,1999-07-20 2:00,445.75,955
,,,1999-07-20 3:00,425,955
,,,1999-07-20 4:00,420,955
,,,1999-07-20 5:00,415,955
,,,1999-07-20 6:00,405,955
,,,1999-07-20 7:00,457.25,955
,,,1999-07-20 8:00,498,955
,,,1999-07-20 9:00,510,955
,,,1999-07-20 10:00,510,955
,,,1999-07-20 11:00,492.25,955
,,,1999-07-20 12:00,410,955
,,,1999-07-20 13:00,356.75,955
,,,1999-07-20 14:00,334.5,955
,,,1999-07-20 15:00,308,955
,,,1999-07-20 16:00,308,955
,,,1999-07-20 17:00,300,955
,,,1999-07-20 18:00,297.3333333,955
,,,1999-07-20 19:00,292,955
,,,1999-07-20 20:00,292,955
,,,1999-07-20 21:00,308,955
,,,1999-07-20 22:00,308,955
,,,1999-07-20 23:00,343.75,955
,,,1999-07-21 0:00,415,955
,,,1999-07-21 1:00,457.25,955
,,,1999-07-21 2:00,486,955
,,,1999-07-21 3:00,480.25,955
,,,1999-07-21 4:00,504,955
,,,1999-07-21 5:00,498,955
,,,1999-07-21 6:00,510,955
,,,1999-07-21 7:00,510,955
,,,1999-07-21 8:00,510,955
,,,1999-07-21 9:00,498,955
,,,1999-07-21 10:00,486,955
,,,1999-07-21 11:00,480.25,955
,,,1999-07-21 12:00,468.75,955
,,,1999-07-21 13:00,463,955
,,,1999-07-21 14:00,463,955
,,,1999-07-21 15:00,445.75,955
,,,1999-07-21 16:00,445.75,955
,,,1999-07-21 17:00,435,955
,,,1999-07-21 18:00,420,955
,,,1999-07-21 19:00,371,955
,,,1999-07-21 20:00,308.5,955
,,,1999-07-21 21:00,268,955
,,,1999-07-21 22:00,248.75,955
,,,1999-07-21 23:00,245,955
,,,1999-07-22 0:00,237.5,955
,,,1999-07-22 1:00,241.25,955
,,,1999-07-22 2:00,245,955
,,,1999-07-22 3:00,245,955
,,,1999-07-22 4:00,272,955
,,,1999-07-22 5:00,268,955
,,,1999-07-22 6:00,276,955
,,,1999-07-22 7:00,276,955
,,,1999-07-22 8:00,280,955
,,,1999-07-22 9:00,296,955
,,,1999-07-22 10:00,312.5,955
,,,1999-07-22 11:00,321.5,955
,,,1999-07-22 12:00,338.75,955
,,,1999-07-22 13:00,343,955
,,,1999-07-22 14:00,343,955
,,,1999-07-22 15:00,343,955
,,,1999-07-22 16:00,343,955
,,,1999-07-22 17:00,343,955
,,,1999-07-22 18:00,343,955
,,,1999-07-22 19:00,347.5,955
,,,1999-07-22 20:00,356.5,955
,,,1999-07-22 21:00,361,955
,,,1999-07-22 22:00,361,955
,,,1999-07-22 23:00,370.5,955
,,,1999-07-23 0:00,375.25,955
,,,1999-07-23 1:00,380,955
,,,1999-07-23 2:00,375.25,955
,,,1999-07-23 3:00,361,955
,,,1999-07-23 4:00,365.75,955
,,,1999-07-23 5:00,370.5,955
,,,1999-07-23 6:00,370.5,955
,,,1999-07-23 7:00,356.5,955
,,,1999-07-23 8:00,352,955
,,,1999-07-23 9:00,343,955
,,,1999-07-23 10:00,338.75,955
,,,1999-07-23 11:00,326,955
,,,1999-07-23 12:00,326,955
,,,1999-07-23 13:00,326,955
,,,1999-07-23 14:00,326,955
,,,1999-07-23 15:00,334.5,955
,,,1999-07-23 16:00,352,955
,,,1999-07-23 17:00,370.5,955
,,,1999-07-23 18:00,393.3333333,955
,,,1999-07-23 19:00,410,955
,,,1999-07-23 20:00,420,955
,,,1999-07-23 21:00,420,955
,,,1999-07-23 22:00,405,955
,,,1999-07-23 23:00,390,955
,,,1999-07-24 0:00,380,955
,,,1999-07-24 1:00,365.75,955
,,,1999-07-24 2:00,352,955
,,,1999-07-24 3:00,343,955
,,,1999-07-24 4:00,343,955
,,,1999-07-24 5:00,334.5,955
,,,1999-07-24 6:00,326,955
,,,1999-07-24 7:00,326,955
,,,1999-07-24 8:00,317,955
,,,1999-07-24 9:00,317,955
,,,1999-07-24 10:00,312.5,955
,,,1999-07-24 11:00,326,955
,,,1999-07-24 12:00,326,955
,,,1999-07-24 13:00,317,955
,,,1999-07-24 14:00,317,955
,,,1999-07-24 15:00,312.5,955
,,,1999-07-24 16:00,313,955
,,,1999-07-24 17:00,330.25,955
,,,1999-07-24 18:00,308,955
,,,1999-07-24 19:00,308,955
,,,1999-07-24 20:00,308,955
,,,1999-07-24 21:00,308,955
,,,1999-07-24 22:00,326,955
,,,1999-07-24 23:00,330.25,955
,,,1999-07-25 0:00,347.5,955
,,,1999-07-25 1:00,361,955
,,,1999-07-25 2:00,365.75,955
,,,1999-07-25 3:00,375.25,955
,,,1999-07-25 4:00,385,955
,,,1999-07-25 5:00,395,955
,,,1999-07-25 6:00,415,955
,,,1999-07-25 7:00,440.75,955
,,,1999-07-25 8:00,474.5,955
,,,1999-07-25 9:00,474.5,955
,,,1999-07-25 10:00,504,955
,,,1999-07-25 11:00,504.25,955
,,,1999-07-25 12:00,510,955
,,,1999-07-25 13:00,510,955
,,,1999-07-25 14:00,510,955
,,,1999-07-25 15:00,516.25,955
,,,1999-07-25 16:00,548,955
,,,1999-07-25 17:00,561,955
,,,1999-07-25 18:00,587,955
,,,1999-07-25 19:00,614,955
,,,1999-07-25 20:00,656.5,955
,,,1999-07-25 21:00,707.75,955
,,,1999-07-25 22:00,739,955
,,,1999-07-25 23:00,747,955
,,,1999-07-26 0:00,739,955
,,,1999-07-26 1:00,707.75,955
,,,1999-07-26 2:00,723.25,955
,,,1999-07-26 3:00,755,955
,,,1999-07-26 4:00,779.5,955
,,,1999-07-26 5:00,763.25,955
,,,1999-07-26 6:00,739.75,955
,,,1999-07-26 7:00,716.25,955
,,,1999-07-26 8:00,755.25,955
,,,1999-07-26 9:00,747,955
,,,1999-07-26 10:00,686,955
,,,1999-07-26 11:00,708.5,955
,,,1999-07-26 12:00,656.5,955
,,,1999-07-26 13:00,671,955
,,,1999-07-26 14:00,671,955
,,,1999-07-26 15:00,685.5,955
,,,1999-07-26 16:00,723.25,955
,,,1999-07-26 17:00,739,955
,,,1999-07-26 18:00,796,955
,,,1999-07-26 19:00,855.5,1560
,,,1999-07-26 20:00,872.75,1560
,,,1999-07-26 21:00,838.5,1550
,,,1999-07-26 22:00,821.5,1520
,,,1999-07-26 23:00,796,1500
,,,1999-07-27 0:00,796,1470
,,,1999-07-27 1:00,796,1450
,,,1999-07-27 2:00,787.75,1430
,,,1999-07-27 3:00,763,1410
,,,1999-07-27 4:00,763,1390
,,,1999-07-27 5:00,763,1360
,,,1999-07-27 6:00,755,1355
,,,1999-07-27 7:00,739,1340
,,,1999-07-27 8:00,731.25,1330
,,,1999-07-27 9:00,707.75,1310
,,,1999-07-27 10:00,707.75,1300
,,,1999-07-27 11:00,692.75,1290
,,,1999-07-27 12:00,723.25,1280
,,,1999-07-27 13:00,715.5,1260
,,,1999-07-27 14:00,707.75,1250
,,,1999-07-27 15:00,715.5,1250
,,,1999-07-27 16:00,708.25,1230
,,,1999-07-27 17:00,763.25,1230
,,,1999-07-27 18:00,796,1230
,,,1999-07-27 19:00,830,1230
,,,1999-07-27 20:00,796,1230
,,,1999-07-27 21:00,813,1230
,,,1999-07-27 22:00,796.25,1230
,,,1999-07-27 23:00,707.75,1230
,,,1999-07-28 0:00,692.75,1200
,,,1999-07-28 1:00,678.25,1200
,,,1999-07-28 2:00,685.5,1200
,,,1999-07-28 3:00,663.75,1190
,,,1999-07-28 4:00,656.5,1180
,,,1999-07-28 5:00,656.5,1180
,,,1999-07-28 6:00,656.5,1180
,,,1999-07-28 7:00,747,1170
,,,1999-07-28 8:00,771.25,1160
,,,1999-07-28 9:00,796,1160
,,,1999-07-28 10:00,804.5,1195
,,,1999-07-28 11:00,847,1240
,,,1999-07-28 12:00,847,1270
,,,1999-07-28 13:00,821.5,1270
,,,1999-07-28 14:00,821.5,1280
,,,1999-07-28 15:00,804.75,1290
,,,1999-07-28 16:00,723.25,1290
,,,1999-07-28 17:00,685.5,1270
,,,1999-07-28 18:00,690.3333333,1270
,,,1999-07-28 19:00,700,1270
,,,1999-07-28 20:00,700,1270
,,,1999-07-28 21:00,700,1250
,,,1999-07-28 22:00,685.5,1250
,,,1999-07-28 23:00,687.75,1250
,,,1999-07-29 0:00,671,1260
,,,1999-07-29 1:00,649.25,1250
,,,1999-07-29 2:00,700,1250
,,,1999-07-29 3:00,678.75,1270
,,,1999-07-29 4:00,649.25,1290
,,,1999-07-29 5:00,614,1310
,,,1999-07-29 6:00,628.25,1320
,,,1999-07-29 7:00,678.25,1330
,,,1999-07-29 8:00,693.25,1330
,,,1999-07-29 9:00,732.5,1330
,,,1999-07-29 10:00,715.5,1330
,,,1999-07-29 11:00,715.5,1330
,,,1999-07-29 12:00,723.25,1330
,,,1999-07-29 13:00,723.5,1330
,,,1999-07-29 14:00,715.5,1330
,,,1999-07-29 15:00,715.5,1330
,,,1999-07-29 16:00,642.25,1330
,,,1999-07-29 17:00,621,1330
,,,1999-07-29 18:00,614.3333333,1330
,,,1999-07-29 19:00,600.5,1330
,,,1999-07-29 20:00,607.25,1330
,,,1999-07-29 21:00,614,1330
,,,1999-07-29 22:00,607.25,1330
,,,1999-07-29 23:00,593.75,1330
,,,1999-07-30 0:00,587,1330
,,,1999-07-30 1:00,567.5,1330
,,,1999-07-30 2:00,561,1330
,,,1999-07-30 3:00,548,1330
,,,1999-07-30 4:00,522.5,1330
,,,1999-07-30 5:00,504.25,1330
,,,1999-07-30 6:00,498,1330
,,,1999-07-30 7:00,499,1330
,,,1999-07-30 8:00,457.25,1330
,,,1999-07-30 9:00,445.75,1330
,,,1999-07-30 10:00,445.75,1330
,,,1999-07-30 11:00,446.5,1330
,,,1999-07-30 12:00,440.75,1330
,,,1999-07-30 13:00,435,1330
,,,1999-07-30 14:00,446.5,1330
,,,1999-07-30 15:00,457.25,1330
,,,1999-07-30 16:00,486,1330
,,,1999-07-30 17:00,504,1330
,,,1999-07-30 18:00,535.3333333,1330
,,,1999-07-30 19:00,554.5,1330
,,,1999-07-30 20:00,567.5,1330
,,,1999-07-30 21:00,561,1330
,,,1999-07-30 22:00,554.5,1330
,,,1999-07-30 23:00,593.75,1330
,,,1999-07-31 0:00,600.5,1330
,,,1999-07-31 1:00,600.5,1330
,,,1999-07-31 2:00,574,1330
,,,1999-07-31 3:00,567.5,1330
,,,1999-07-31 4:00,548,1330
,,,1999-07-31 5:00,535.25,1330
,,,1999-07-31 6:00,492,1330
,,,1999-07-31 7:00,445.75,1330
,,,1999-07-31 8:00,430,1330
,,,1999-07-31 9:00,430,1330
,,,1999-07-31 10:00,425,1330
,,,1999-07-31 11:00,400,1330
,,,1999-07-31 12:00,415,1330
,,,1999-07-31 13:00,430,1330
,,,1999-07-31 14:00,420,1330
,,,1999-07-31 15:00,425,1330
,,,1999-07-31 16:00,430,1330
,,,1999-07-31 17:00,425,1330
,,,1999-07-31 18:00,413.3333333,1330
,,,1999-07-31 19:00,415,1330
,,,1999-07-31 20:00,420,1330
,,,1999-07-31 21:00,420,1330
,,,1999-07-31 22:00,430,1330
,,,1999-07-31 23:00,435,1330
,,,1999-08-01 0:00,440.75,1330
,,,1999-08-01 1:00,457.25,1330
,,,1999-08-01 2:00,451.5,1330
,,,1999-08-01 3:00,451.5,1330
,,,1999-08-01 4:00,457.25,1330
,,,1999-08-01 5:00,440.75,1330
,,,1999-08-01 6:00,420,1330
,,,1999-08-01 7:00,420,1330
,,,1999-08-01 8:00,415,1330
,,,1999-08-01 9:00,410,1330
,,,1999-08-01 10:00,425,1330
,,,1999-08-01 11:00,426.75,1330
,,,1999-08-01 12:00,390,1330
,,,1999-08-01 13:00,405,1330
,,,1999-08-01 14:00,390.25,1330
,,,1999-08-01 15:00,420,1330
,,,1999-08-01 16:00,463,1330
,,,1999-08-01 17:00,504.25,1330
,,,1999-08-01 18:00,526.6666667,1330
,,,1999-08-01 19:00,516.25,1330
,,,1999-08-01 20:00,535.25,1330
,,,1999-08-01 21:00,535.25,1330
,,,1999-08-01 22:00,486.25,1330
,,,1999-08-01 23:00,435,1330
,,,1999-08-02 0:00,430,1330
,,,1999-08-02 1:00,435,1330
,,,1999-08-02 2:00,420,1330
,,,1999-08-02 3:00,492.25,1330
,,,1999-08-02 4:00,458.25,1330
,,,1999-08-02 5:00,415,1330
,,,1999-08-02 6:00,380.5,1330
,,,1999-08-02 7:00,458.75,1330
,,,1999-08-02 8:00,516.75,1330
,,,1999-08-02 9:00,511,1330
,,,1999-08-02 10:00,516.25,1330
,,,1999-08-02 11:00,510.25,1330
,,,1999-08-02 12:00,516.25,1330
,,,1999-08-02 13:00,510.25,1330
,,,1999-08-02 14:00,528.75,1330
,,,1999-08-02 15:00,522.5,1330
,,,1999-08-02 16:00,486.25,1330
,,,1999-08-02 17:00,457.25,1330
,,,1999-08-02 18:00,447.6666667,1330
,,,1999-08-02 19:00,445.75,1330
,,,1999-08-02 20:00,435,1330
,,,1999-08-02 21:00,410,1330
,,,1999-08-02 22:00,370.75,1330
,,,1999-08-02 23:00,356.5,1330
,,,1999-08-03 0:00,352,1330
,,,1999-08-03 1:00,330.25,1330
,,,1999-08-03 2:00,338.75,1330
,,,1999-08-03 3:00,334.75,1330
,,,1999-08-03 4:00,338.75,1330
,,,1999-08-03 5:00,330.25,1330
,,,1999-08-03 6:00,330,1330
,,,1999-08-03 7:00,395.25,1330
,,,1999-08-03 8:00,446.5,1330
,,,1999-08-03 9:00,492,1330
,,,1999-08-03 10:00,516.5,1330
,,,1999-08-03 11:00,510,1330
,,,1999-08-03 12:00,468.75,1330
,,,1999-08-03 13:00,474.5,1330
,,,1999-08-03 14:00,480.25,1330
,,,1999-08-03 15:00,486.25,1330
,,,1999-08-03 16:00,498,1330
,,,1999-08-03 17:00,498,1330
,,,1999-08-03 18:00,510,1330
,,,1999-08-03 19:00,492,1330
,,,1999-08-03 20:00,486,1330
,,,1999-08-03 21:00,486,1330
,,,1999-08-03 22:00,468.75,1330
,,,1999-08-03 23:00,463,1330
,,,1999-08-04 0:00,445.75,1330
,,,1999-08-04 1:00,440,1330
,,,1999-08-04 2:00,445.75,1330
,,,1999-08-04 3:00,395,1330
,,,1999-08-04 4:00,365.75,1330
,,,1999-08-04 5:00,361,1330
,,,1999-08-04 6:00,365.75,1330
,,,1999-08-04 7:00,410,1330
,,,1999-08-04 8:00,440,1330
,,,1999-08-04 9:00,463,1330
,,,1999-08-04 10:00,463,1330
,,,1999-08-04 11:00,486,1330
,,,1999-08-04 12:00,480.25,1330
,,,1999-08-04 13:00,486,1330
,,,1999-08-04 14:00,474.5,1330
,,,1999-08-04 15:00,463,1330
,,,1999-08-04 16:00,405,1330
,,,1999-08-04 17:00,352,1330
,,,1999-08-04 18:00,326,1330
,,,1999-08-04 19:00,300,1330
,,,1999-08-04 20:00,288,1330
,,,1999-08-04 21:00,276,1330
,,,1999-08-04 22:00,276,1330
,,,1999-08-04 23:00,268,1330
,,,1999-08-05 0:00,260,1330
,,,1999-08-05 1:00,264,1330
,,,1999-08-05 2:00,276,1330
,,,1999-08-05 3:00,276,1330
,,,1999-08-05 4:00,284,1330
,,,1999-08-05 5:00,280,1330
,,,1999-08-05 6:00,304.5,1330
,,,1999-08-05 7:00,357,1330
,,,1999-08-05 8:00,415,1330
,,,1999-08-05 9:00,435.75,1330
,,,1999-08-05 10:00,445.75,1330
,,,1999-08-05 11:00,468.75,1330
,,,1999-08-05 12:00,492,1330
,,,1999-08-05 13:00,516.25,1330
,,,1999-08-05 14:00,548.25,1330
,,,1999-08-05 15:00,486.25,1330
,,,1999-08-05 16:00,445.75,1330
,,,1999-08-05 17:00,451.5,1330
,,,1999-08-05 18:00,463,1330
,,,1999-08-05 19:00,463,1330
,,,1999-08-05 20:00,474.5,1330
,,,1999-08-05 21:00,480.5,1330
,,,1999-08-05 22:00,504,1330
,,,1999-08-05 23:00,492,1330
,,,1999-08-06 0:00,486,1330
,,,1999-08-06 1:00,504,1330
,,,1999-08-06 2:00,498,1330
,,,1999-08-06 3:00,498,1330
,,,1999-08-06 4:00,504,1330
,,,1999-08-06 5:00,468.75,1330
,,,1999-08-06 6:00,474.5,1330
,,,1999-08-06 7:00,498,1330
,,,1999-08-06 8:00,486.25,1330
,,,1999-08-06 9:00,498,1330
,,,1999-08-06 10:00,492,1330
,,,1999-08-06 11:00,535,1330
,,,1999-08-06 12:00,522.75,1330
,,,1999-08-06 13:00,498,1330
,,,1999-08-06 14:00,474.5,1330
,,,1999-08-06 15:00,480.25,1330
,,,1999-08-06 16:00,474.5,1330
,,,1999-08-06 17:00,457.25,1330
,,,1999-08-06 18:00,440,1330
,,,1999-08-06 19:00,425,1250
,,,1999-08-06 20:00,410,1250
,,,1999-08-06 21:00,420,1250
,,,1999-08-06 22:00,452.25,1250
,,,1999-08-06 23:00,516.5,1250
,,,1999-08-07 0:00,541.5,1240
,,,1999-08-07 1:00,541.5,1230
,,,1999-08-07 2:00,567.5,1220
,,,1999-08-07 3:00,567.5,1210
,,,1999-08-07 4:00,580.5,1200
,,,1999-08-07 5:00,567.5,1180
,,,1999-08-07 6:00,567.5,1180
,,,1999-08-07 7:00,541.75,1160
,,,1999-08-07 8:00,492.25,1160
,,,1999-08-07 9:00,492,1140
,,,1999-08-07 10:00,480.25,1130
,,,1999-08-07 11:00,468.75,1120
,,,1999-08-07 12:00,468.75,1115
,,,1999-08-07 13:00,451.5,1110
,,,1999-08-07 14:00,446.5,1110
,,,1999-08-07 15:00,435,1110
,,,1999-08-07 16:00,435,1100
,,,1999-08-07 17:00,410,1090
,,,1999-08-07 18:00,406.6666667,1090
,,,1999-08-07 19:00,400,1090
,,,1999-08-07 20:00,390,1100
,,,1999-08-07 21:00,395,1110
,,,1999-08-07 22:00,385,1110
,,,1999-08-07 23:00,380,1110
,,,1999-08-08 0:00,365.75,1110
,,,1999-08-08 1:00,361.25,1110
,,,1999-08-08 2:00,365.75,1100
,,,1999-08-08 3:00,352,1090
,,,1999-08-08 4:00,352,1090
,,,1999-08-08 5:00,352,1080
,,,1999-08-08 6:00,356.5,1070
,,,1999-08-08 7:00,390,1060
,,,1999-08-08 8:00,415,1050
,,,1999-08-08 9:00,425.75,1040
,,,1999-08-08 10:00,445.75,1040
,,,1999-08-08 11:00,445.75,1050
,,,1999-08-08 12:00,463,1050
,,,1999-08-08 13:00,451.5,1050
,,,1999-08-08 14:00,457.25,1050
,,,1999-08-08 15:00,451.5,1050
,,,1999-08-08 16:00,420,1050
,,,1999-08-08 17:00,395,1050
,,,1999-08-08 18:00,400,1030
,,,1999-08-08 19:00,395,1030
,,,1999-08-08 20:00,385,1030
,,,1999-08-08 21:00,400,1050
,,,1999-08-08 22:00,415,1050
,,,1999-08-08 23:00,415,1050
,,,1999-08-09 0:00,420,1070
,,,1999-08-09 1:00,440.75,1070
,,,1999-08-09 2:00,486,1050
,,,1999-08-09 3:00,510.5,1070
,,,1999-08-09 4:00,510.25,1070
,,,1999-08-09 5:00,516.25,1060
,,,1999-08-09 6:00,522.5,1060
,,,1999-08-09 7:00,504,1050
,,,1999-08-09 8:00,522.5,1050
,,,1999-08-09 9:00,535.25,1050
,,,1999-08-09 10:00,516.25,1050
,,,1999-08-09 11:00,522.75,1050
,,,1999-08-09 12:00,498,1040
,,,1999-08-09 13:00,504,1010
,,,1999-08-09 14:00,486,1010
,,,1999-08-09 15:00,474.5,1010
,,,1999-08-09 16:00,474.5,1010
,,,1999-08-09 17:00,468.75,1010
,,,1999-08-09 18:00,478.3333333,1010
,,,1999-08-09 19:00,457.25,1010
,,,1999-08-09 20:00,463,1010
,,,1999-08-09 21:00,451.5,1010
,,,1999-08-09 22:00,430,1010
,,,1999-08-09 23:00,395,1020
,,,1999-08-10 0:00,385,1010
,,,1999-08-10 1:00,370.5,1010
,,,1999-08-10 2:00,385,1010
,,,1999-08-10 3:00,380,1010
,,,1999-08-10 4:00,370.5,1010
,,,1999-08-10 5:00,366,1010
,,,1999-08-10 6:00,356.75,1010
,,,1999-08-10 7:00,347.5,1010
,,,1999-08-10 8:00,361,1010
,,,1999-08-10 9:00,356.5,1030
,,,1999-08-10 10:00,347.75,1020
,,,1999-08-10 11:00,370.5,1010
,,,1999-08-10 12:00,365.75,1030
,,,1999-08-10 13:00,380.25,1030
,,,1999-08-10 14:00,380,1040
,,,1999-08-10 15:00,395,1050
,,,1999-08-10 16:00,380.25,1050
,,,1999-08-10 17:00,352,1050
,,,1999-08-10 18:00,331.6666667,1060
,,,1999-08-10 19:00,321.5,1070
,,,1999-08-10 20:00,308,1070
,,,1999-08-10 21:00,300,1080
,,,1999-08-10 22:00,292,1070
,,,1999-08-10 23:00,280,1070
,,,1999-08-11 0:00,276,1070
,,,1999-08-11 1:00,264,1050
,,,1999-08-11 2:00,264,1040
,,,1999-08-11 3:00,272,1030
,,,1999-08-11 4:00,317,1030
,,,1999-08-11 5:00,300,1010
,,,1999-08-11 6:00,288,1010
,,,1999-08-11 7:00,268,993
,,,1999-08-11 8:00,276,983.5
,,,1999-08-11 9:00,272.25,964.5
,,,1999-08-11 10:00,268,955
,,,1999-08-11 11:00,264,936
,,,1999-08-11 12:00,268,917
,,,1999-08-11 13:00,280,898
,,,1999-08-11 14:00,292,888.5
,,,1999-08-11 15:00,304,879
,,,1999-08-11 16:00,280,860
,,,1999-08-11 17:00,264,860
,,,1999-08-11 18:00,260,860
,,,1999-08-11 19:00,256.25,851
,,,1999-08-11 20:00,256.25,842
,,,1999-08-11 21:00,256.25,842
,,,1999-08-11 22:00,248.75,842
,,,1999-08-11 23:00,241.25,842
,,,1999-08-12 0:00,248.75,842
,,,1999-08-12 1:00,241.25,842
,,,1999-08-12 2:00,245,842
,,,1999-08-12 3:00,284,842
,,,1999-08-12 4:00,322,842
,,,1999-08-12 5:00,296.5,842
,,,1999-08-12 6:00,248.75,824
,,,1999-08-12 7:00,249,806
,,,1999-08-12 8:00,292,806
,,,1999-08-12 9:00,313,806
,,,1999-08-12 10:00,338.75,806
,,,1999-08-12 11:00,352,806
,,,1999-08-12 12:00,375.25,797
,,,1999-08-12 13:00,385.25,788
,,,1999-08-12 14:00,395,788
,,,1999-08-12 15:00,321.5,788
,,,1999-08-12 16:00,288,788
,,,1999-08-12 17:00,252.5,762.5
,,,1999-08-12 18:00,235,770
,,,1999-08-12 19:00,211.75,770
,,,1999-08-12 20:00,205.25,770
,,,1999-08-12 21:00,185,770
,,,1999-08-12 22:00,185,788
,,,1999-08-12 23:00,170,788
,,,1999-08-13 0:00,164,788
,,,1999-08-13 1:00,161,797
,,,1999-08-13 2:00,161,797
,,,1999-08-13 3:00,152,788
,,,1999-08-13 4:00,155,779
,,,1999-08-13 5:00,149.25,770
,,,1999-08-13 6:00,155.25,770
,,,1999-08-13 7:00,155,762.5
,,,1999-08-13 8:00,155.25,770
,,,1999-08-13 9:00,173,762.5
,,,1999-08-13 10:00,179,770
,,,1999-08-13 11:00,173,770
,,,1999-08-13 12:00,173,755
,,,1999-08-13 13:00,179,755
,,,1999-08-13 14:00,182,747.5
,,,1999-08-13 15:00,185,732.5
,,,1999-08-13 16:00,182,710
,,,1999-08-13 17:00,188.5,710
,,,1999-08-13 18:00,201.6666667,710
,,,1999-08-13 19:00,208.25,710
,,,1999-08-13 20:00,208.5,710
,,,1999-08-13 21:00,211.75,710
,,,1999-08-13 22:00,208.5,710
,,,1999-08-13 23:00,226.75,710
,,,1999-08-14 0:00,223,710
,,,1999-08-14 1:00,215.5,710
,,,1999-08-14 2:00,208.5,702.5
,,,1999-08-14 3:00,211.75,695
,,,1999-08-14 4:00,226.25,695
,,,1999-08-14 5:00,226.25,695
,,,1999-08-14 6:00,222.5,695
,,,1999-08-14 7:00,226.25,702.5
,,,1999-08-14 8:00,222.5,710
,,,1999-08-14 9:00,223,717.5
,,,1999-08-14 10:00,241.75,732.5
,,,1999-08-14 11:00,296.5,740
,,,1999-08-14 12:00,347.75,740
,,,1999-08-14 13:00,425,732.5
,,,1999-08-14 14:00,468.75,740
,,,1999-08-14 15:00,516.5,740
,,,1999-08-14 16:00,561,740
,,,1999-08-14 17:00,529,755
,,,1999-08-14 18:00,494.3333333,762.5
,,,1999-08-14 19:00,435,770
,,,1999-08-14 20:00,420,797
,,,1999-08-14 21:00,415,842
,,,1999-08-14 22:00,420,879
,,,1999-08-14 23:00,415,926.5
,,,1999-08-15 0:00,410,964.5
,,,1999-08-15 1:00,420,1020
,,,1999-08-15 2:00,410,1050
,,,1999-08-15 3:00,410,1080
,,,1999-08-15 4:00,410,1090
,,,1999-08-15 5:00,410,1100
,,,1999-08-15 6:00,480.5,1110
,,,1999-08-15 7:00,548,1110
,,,1999-08-15 8:00,567.5,1110
,,,1999-08-15 9:00,574,1110
,,,1999-08-15 10:00,548,1110
,,,1999-08-15 11:00,528.75,1080
,,,1999-08-15 12:00,480.25,1070
,,,1999-08-15 13:00,468.75,1070
,,,1999-08-15 14:00,498,1050
,,,1999-08-15 15:00,535.25,1050
,,,1999-08-15 16:00,541.5,1040
,,,1999-08-15 17:00,554.5,1030
,,,1999-08-15 18:00,543.6666667,1030
,,,1999-08-15 19:00,535.25,1030
,,,1999-08-15 20:00,510,1010
,,,1999-08-15 21:00,504,1010
,,,1999-08-15 22:00,498,1001.5
,,,1999-08-15 23:00,474.5,983.5
,,,1999-08-16 0:00,468.75,974
,,,1999-08-16 1:00,468.75,974
,,,1999-08-16 2:00,451.5,974
,,,1999-08-16 3:00,395,974
,,,1999-08-16 4:00,338.75,974
,,,1999-08-16 5:00,284,974
,,,1999-08-16 6:00,245,974
,,,1999-08-16 7:00,268,974
,,,1999-08-16 8:00,284,974
,,,1999-08-16 9:00,288,964.5
,,,1999-08-16 10:00,292,955
,,,1999-08-16 11:00,288,955
,,,1999-08-16 12:00,284,945.5
,,,1999-08-16 13:00,280,936
,,,1999-08-16 14:00,284,936
,,,1999-08-16 15:00,280,936
,,,1999-08-16 16:00,308.5,936
,,,1999-08-16 17:00,338.75,945.5
,,,1999-08-16 18:00,337.6666667,955
,,,1999-08-16 19:00,356.5,955
,,,1999-08-16 20:00,347.5,955
,,,1999-08-16 21:00,343,955
,,,1999-08-16 22:00,352,955
,,,1999-08-16 23:00,352,955
,,,1999-08-17 0:00,339,955
,,,1999-08-17 1:00,339,955
,,,1999-08-17 2:00,334.5,955
,,,1999-08-17 3:00,313.25,955
,,,1999-08-17 4:00,245,955
,,,1999-08-17 5:00,212.25,955
,,,1999-08-17 6:00,195.25,955
,,,1999-08-17 7:00,233.75,955
,,,1999-08-17 8:00,264,955
,,,1999-08-17 9:00,296,955
,,,1999-08-17 10:00,312.5,955
,,,1999-08-17 11:00,296.5,955
,,,1999-08-17 12:00,256.5,955
,,,1999-08-17 13:00,245,955
,,,1999-08-17 14:00,230,955
,,,1999-08-17 15:00,195.25,955
,,,1999-08-17 16:00,182,955
,,,1999-08-17 17:00,185.5,955
,,,1999-08-17 18:00,220,955
,,,1999-08-17 19:00,241.25,955
,,,1999-08-17 20:00,260.5,955
,,,1999-08-17 21:00,260,955
,,,1999-08-17 22:00,248.75,955
,,,1999-08-17 23:00,252.75,955
,,,1999-08-18 0:00,245,955
,,,1999-08-18 1:00,252.5,955
,,,1999-08-18 2:00,260,955
,,,1999-08-18 3:00,264,955
,,,1999-08-18 4:00,280,955
,,,1999-08-18 5:00,284,955
,,,1999-08-18 6:00,292,955
,,,1999-08-18 7:00,292,955
,,,1999-08-18 8:00,284,955
,,,1999-08-18 9:00,272,955
,,,1999-08-18 10:00,256.5,955
,,,1999-08-18 11:00,276,955
,,,1999-08-18 12:00,256.25,955
,,,1999-08-18 13:00,256.25,955
,,,1999-08-18 14:00,252.75,955
,,,1999-08-18 15:00,245,955
,,,1999-08-18 16:00,252.75,955
,,,1999-08-18 17:00,241.25,955
,,,1999-08-18 18:00,235,955
,,,1999-08-18 19:00,226.25,955
,,,1999-08-18 20:00,226.25,955
,,,1999-08-18 21:00,222.5,955
,,,1999-08-18 22:00,201.75,955
,,,1999-08-18 23:00,201.75,955
,,,1999-08-19 0:00,219.25,955
,,,1999-08-19 1:00,249,955
,,,1999-08-19 2:00,264,955
,,,1999-08-19 3:00,268.25,955
,,,1999-08-19 4:00,292,955
,,,1999-08-19 5:00,300,955
,,,1999-08-19 6:00,308.5,955
,,,1999-08-19 7:00,321.25,955
,,,1999-08-19 8:00,326,955
,,,1999-08-19 9:00,321.5,955
,,,1999-08-19 10:00,321.5,955
,,,1999-08-19 11:00,330.25,955
,,,1999-08-19 12:00,317,955
,,,1999-08-19 13:00,300,955
,,,1999-08-19 14:00,284,955
,,,1999-08-19 15:00,284,955
,,,1999-08-19 16:00,260.25,955
,,,1999-08-19 17:00,233.75,955
,,,1999-08-19 18:00,225,955
,,,1999-08-19 19:00,235.5,1010
,,,1999-08-19 20:00,313,1020
,,,1999-08-19 21:00,386.5,1030
,,,1999-08-19 22:00,440.75,1030
,,,1999-08-19 23:00,581.75,1050
,,,1999-08-20 0:00,739,1050
,,,1999-08-20 1:00,685.5,1040
,,,1999-08-20 2:00,693.75,1030
,,,1999-08-20 3:00,755,1030
,,,1999-08-20 4:00,796.25,1030
,,,1999-08-20 5:00,838.5,1020
,,,1999-08-20 6:00,847,1010
,,,1999-08-20 7:00,882,1010
,,,1999-08-20 8:00,945.25,1010
,,,1999-08-20 9:00,963.75,1010
,,,1999-08-20 10:00,926.75,1001.5
,,,1999-08-20 11:00,847,974
,,,1999-08-20 12:00,796.25,974
,,,1999-08-20 13:00,739,974
,,,1999-08-20 14:00,700.5,974
,,,1999-08-20 15:00,614.25,974
,,,1999-08-20 16:00,554.5,993
,,,1999-08-20 17:00,510.25,993
,,,1999-08-20 18:00,494,993
,,,1999-08-20 19:00,480.25,1041.5
,,,1999-08-20 20:00,463,1070
,,,1999-08-20 21:00,474.5,1070
,,,1999-08-20 22:00,474.5,1070
,,,1999-08-20 23:00,492.75,1070
,,,1999-08-21 0:00,548,1070
,,,1999-08-21 1:00,554.5,1070
,,,1999-08-21 2:00,567.5,1070
,,,1999-08-21 3:00,574,1070
,,,1999-08-21 4:00,580.5,1070
,,,1999-08-21 5:00,593.75,1060
,,,1999-08-21 6:00,600.5,1070
,,,1999-08-21 7:00,600.5,1070
,,,1999-08-21 8:00,587,1070
,,,1999-08-21 9:00,587,1070
,,,1999-08-21 10:00,628,1070
,,,1999-08-21 11:00,635,1080
,,,1999-08-21 12:00,635,1090
,,,1999-08-21 13:00,600.5,1090
,,,1999-08-21 14:00,628.5,1070
,,,1999-08-21 15:00,692.75,1070
,,,1999-08-21 16:00,692.75,1070
,,,1999-08-21 17:00,685.5,1070
,,,1999-08-21 18:00,721,1070
,,,1999-08-21 19:00,747,1070
,,,1999-08-21 20:00,723.25,1070
,,,1999-08-21 21:00,678.25,1070
,,,1999-08-21 22:00,628,1070
,,,1999-08-21 23:00,607.5,1040
,,,1999-08-22 0:00,587.25,1030
,,,1999-08-22 1:00,561,1030
,,,1999-08-22 2:00,554.5,1020
,,,1999-08-22 3:00,548,1010
,,,1999-08-22 4:00,535,1010
,,,1999-08-22 5:00,554.5,1010
,,,1999-08-22 6:00,554.5,1010
,,,1999-08-22 7:00,561,993
,,,1999-08-22 8:00,548,974
,,,1999-08-22 9:00,554.5,964.5
,,,1999-08-22 10:00,548,955
,,,1999-08-22 11:00,548,955
,,,1999-08-22 12:00,535.25,955
,,,1999-08-22 13:00,535.25,936
,,,1999-08-22 14:00,535,926.5
,,,1999-08-22 15:00,535,917
,,,1999-08-22 16:00,528.75,926.5
,,,1999-08-22 17:00,522.5,917
,,,1999-08-22 18:00,535,917
,,,1999-08-22 19:00,528.75,936
,,,1999-08-22 20:00,522.5,945.5
,,,1999-08-22 21:00,504.5,955
,,,1999-08-22 22:00,440,974
,,,1999-08-22 23:00,415,974
,,,1999-08-23 0:00,395,993
,,,1999-08-23 1:00,390,1001.5
,,,1999-08-23 2:00,400,993
,,,1999-08-23 3:00,400,993
,,,1999-08-23 4:00,390,1010
,,,1999-08-23 5:00,385,1010
,,,1999-08-23 6:00,430.75,1010
,,,1999-08-23 7:00,516.5,1030
,,,1999-08-23 8:00,468.75,1030
,,,1999-08-23 9:00,480.5,1030
,,,1999-08-23 10:00,486,1050
,,,1999-08-23 11:00,504,1030
,,,1999-08-23 12:00,510,1030
,,,1999-08-23 13:00,498,1030
,,,1999-08-23 14:00,486.25,1030
,,,1999-08-23 15:00,498,1030
,,,1999-08-23 16:00,504,1050
,,,1999-08-23 17:00,492,1050
,,,1999-08-23 18:00,510,1050
,,,1999-08-23 19:00,498,1050
,,,1999-08-23 20:00,498,1050
,,,1999-08-23 21:00,523.25,1050
,,,1999-08-23 22:00,628,1070
,,,1999-08-23 23:00,635,1070
,,,1999-08-24 0:00,580.75,1070
,,,1999-08-24 1:00,581.5,1070
,,,1999-08-24 2:00,692.75,1070
,,,1999-08-24 3:00,692.75,1070
,,,1999-08-24 4:00,732.5,1070
,,,1999-08-24 5:00,635,1050
,,,1999-08-24 6:00,678.25,1040
,,,1999-08-24 7:00,731,1030
,,,1999-08-24 8:00,779.75,1030
,,,1999-08-24 9:00,821.5,1040
,,,1999-08-24 10:00,890.25,1050
,,,1999-08-24 11:00,945.25,1040
,,,1999-08-24 12:00,991.5,1030
,,,1999-08-24 13:00,1010,1020
,,,1999-08-24 14:00,1010.75,993
,,,1999-08-24 15:00,1030,993
,,,1999-08-24 16:00,1040,993
,,,1999-08-24 17:00,1070,974
,,,1999-08-24 18:00,1090,974
,,,1999-08-24 19:00,1130,974
,,,1999-08-24 20:00,1130,974
,,,1999-08-24 21:00,1160,974
,,,1999-08-24 22:00,1170,974
,,,1999-08-24 23:00,1170,955
,,,1999-08-25 0:00,1170,955
,,,1999-08-25 1:00,1170,936
,,,1999-08-25 2:00,1090,936
,,,1999-08-25 3:00,1050,926.5
,,,1999-08-25 4:00,1100,917
,,,1999-08-25 5:00,1110,917
,,,1999-08-25 6:00,1120,907.5
,,,1999-08-25 7:00,1120,898
,,,1999-08-25 8:00,1110,945.5
,,,1999-08-25 9:00,1140,1001.5
,,,1999-08-25 10:00,1220,1020
,,,1999-08-25 11:00,1370,1040
,,,1999-08-25 12:00,1615,1060
,,,1999-08-25 13:00,2052.5,1070
,,,1999-08-25 14:00,2385,1070
,,,1999-08-25 15:00,2525,1060
,,,1999-08-25 16:00,2357.5,1050
,,,1999-08-25 17:00,2102.5,1030
,,,1999-08-25 18:00,1973.333333,1030
,,,1999-08-25 19:00,1952.5,1040
,,,1999-08-25 20:00,2065,1050
,,,1999-08-25 21:00,2177.5,1050
,,,1999-08-25 22:00,2265,1050
,,,1999-08-25 23:00,2340,1050
,,,1999-08-26 0:00,2385,1050
,,,1999-08-26 1:00,2400,1060
,,,1999-08-26 2:00,2422.5,1060
,,,1999-08-26 3:00,2425,1070
,,,1999-08-26 4:00,2450,1090
,,,1999-08-26 5:00,2437.5,1100
,,,1999-08-26 6:00,2425,1110
,,,1999-08-26 7:00,2400,1115
,,,1999-08-26 8:00,2400,1120
,,,1999-08-26 9:00,2355,1140
,,,1999-08-26 10:00,2315,1140
,,,1999-08-26 11:00,2252.5,1275
,,,1999-08-26 12:00,2215,1390
,,,1999-08-26 13:00,2177.5,1410
,,,1999-08-26 14:00,2127.5,1450
,,,1999-08-26 15:00,2115,1490
,,,1999-08-26 16:00,2140,1530
,,,1999-08-26 17:00,2240,1570
,,,1999-08-26 18:00,2360,1590
,,,1999-08-26 19:00,2437.5,1610
,,,1999-08-26 20:00,2425,1620
,,,1999-08-26 21:00,2370,1640
,,,1999-08-26 22:00,2437.5,1650
,,,1999-08-26 23:00,2410,1680
,,,1999-08-27 0:00,2412.5,1720
,,,1999-08-27 1:00,2342.5,1780
,,,1999-08-27 2:00,2265,1810
,,,1999-08-27 3:00,2152.5,1865
,,,1999-08-27 4:00,2090,1890
,,,1999-08-27 5:00,1990,1920
,,,1999-08-27 6:00,1952.5,1960
,,,1999-08-27 7:00,1927.5,1970
,,,1999-08-27 8:00,1915,2000
,,,1999-08-27 9:00,1902.5,2000
,,,1999-08-27 10:00,1852.5,2010
,,,1999-08-27 11:00,1790,2020
,,,1999-08-27 12:00,1777.5,2020
,,,1999-08-27 13:00,1717.5,2010
,,,1999-08-27 14:00,1700,1980
,,,1999-08-27 15:00,1650,1980
,,,1999-08-27 16:00,1625,1960
,,,1999-08-27 17:00,1637.5,1960
,,,1999-08-27 18:00,1633.333333,1960
,,,1999-08-27 19:00,1615,1945
,,,1999-08-27 20:00,1570,1930
,,,1999-08-27 21:00,1600,1930
,,,1999-08-27 22:00,1612.5,1920
,,,1999-08-27 23:00,1612.5,1910
,,,1999-08-28 0:00,1650,1910
,,,1999-08-28 1:00,1625,1910
,,,1999-08-28 2:00,1687.5,1910
,,,1999-08-28 3:00,1650,1910
,,,1999-08-28 4:00,1637.5,1910
,,,1999-08-28 5:00,1687.5,1910
,,,1999-08-28 6:00,1650,1910
,,,1999-08-28 7:00,1662.5,1900
,,,1999-08-28 8:00,1685,1890
,,,1999-08-28 9:00,1700,1890
,,,1999-08-28 10:00,1720,1860
,,,1999-08-28 11:00,1720,1840
,,,1999-08-28 12:00,1710,1830
,,,1999-08-28 13:00,1720,1810
,,,1999-08-28 14:00,1752.5,1800
,,,1999-08-28 15:00,1720,1800
,,,1999-08-28 16:00,1710,1790
,,,1999-08-28 17:00,1710,1780
,,,1999-08-28 18:00,1740,1790
,,,1999-08-28 19:00,1710,1800
,,,1999-08-28 20:00,1742.5,1810
,,,1999-08-28 21:00,1752.5,1820
,,,1999-08-28 22:00,1777.5,1820
,,,1999-08-28 23:00,1765,1820
,,,1999-08-29 0:00,1777.5,1820
,,,1999-08-29 1:00,1802.5,1810
,,,1999-08-29 2:00,1815,1800
,,,1999-08-29 3:00,1815,1800
,,,1999-08-29 4:00,1865,1800
,,,1999-08-29 5:00,1877.5,1800
,,,1999-08-29 6:00,1890,1790
,,,1999-08-29 7:00,1915,1800
,,,1999-08-29 8:00,1902.5,1800
,,,1999-08-29 9:00,1902.5,1800
,,,1999-08-29 10:00,1902.5,1790
,,,1999-08-29 11:00,1902.5,1780
,,,1999-08-29 12:00,1865,1770
,,,1999-08-29 13:00,1865,1750
,,,1999-08-29 14:00,1840,1740
,,,1999-08-29 15:00,1815,1740
,,,1999-08-29 16:00,1790,1740
,,,1999-08-29 17:00,1765,1740
,,,1999-08-29 18:00,1756.666667,1760
,,,1999-08-29 19:00,1732.5,1750
,,,1999-08-29 20:00,1697.5,1740
,,,1999-08-29 21:00,1660,1740
,,,1999-08-29 22:00,1602.5,1740
,,,1999-08-29 23:00,1557.5,1740
,,,1999-08-30 0:00,1522.5,1720
,,,1999-08-30 1:00,1500,1720
,,,1999-08-30 2:00,1537.5,1720
,,,1999-08-30 3:00,1467.5,1700
,,,1999-08-30 4:00,1500,1690
,,,1999-08-30 5:00,1570,1660
,,,1999-08-30 6:00,1612.5,1660
,,,1999-08-30 7:00,1580,1640
,,,1999-08-30 8:00,1652.5,1640
,,,1999-08-30 9:00,1640,1630
,,,1999-08-30 10:00,1605,1620
,,,1999-08-30 11:00,1557.5,1620
,,,1999-08-30 12:00,1535,1620
,,,1999-08-30 13:00,1547.5,1590
,,,1999-08-30 14:00,1512.5,1590
,,,1999-08-30 15:00,1500,1600
,,,1999-08-30 16:00,1477.5,1600
,,,1999-08-30 17:00,1470,1610
,,,1999-08-30 18:00,1453.333333,1620
,,,1999-08-30 19:00,1422.5,1640
,,,1999-08-30 20:00,1400,1670
,,,1999-08-30 21:00,1400,1690
,,,1999-08-30 22:00,1390,1720
,,,1999-08-30 23:00,1270,1750
,,,1999-08-31 0:00,1260,1780
,,,1999-08-31 1:00,1250,1810
,,,1999-08-31 2:00,1240,1830
,,,1999-08-31 3:00,1272.5,1850
,,,1999-08-31 4:00,1260,1875
,,,1999-08-31 5:00,1240,1910
,,,1999-08-31 6:00,1240,1930
,,,1999-08-31 7:00,1252.5,1920
,,,1999-08-31 8:00,1337.5,1930
,,,1999-08-31 9:00,1410,1930
,,,1999-08-31 10:00,1467.5,1930
,,,1999-08-31 11:00,1512.5,1920
,,,1999-08-31 12:00,1535,1910
,,,1999-08-31 13:00,1512.5,1910
,,,1999-08-31 14:00,1500,1900
,,,1999-08-31 15:00,1445,1890
,,,1999-08-31 16:00,1370,1875
,,,1999-08-31 17:00,1337.5,1860
,,,1999-08-31 18:00,1290,1860
,,,1999-08-31 19:00,1280,1860
,,,1999-08-31 20:00,1280,1860
,,,1999-08-31 21:00,1270,1860
,,,1999-08-31 22:00,1210,1840
,,,1999-08-31 23:00,1170,1830
,,,1999-09-01 0:00,1150,1830
